Temps [s];RSSI [dB];Tension [V];Courant [A];Capacite [Ah];Energie [Wh];Element 1 [V];Element 2 [V];Element 3 [V];Element 4 [V];Element 5 [V];Element 6 [V];Element 7 [V];Element 8 [V];Element 9 [V];Element 10 [V];Element 11 [V];Element 12 [V];BM2 Tension 1 [V];Temp. 1 Mot   [*C];Temp. 2 Amb   [*C];Temp. 3 Bat   [*C];Temp. 4 Reg   [*C]
#Version 2.01
#0.0:Nom du modele:YAK_____ Batterie:12S 5.20Ah TXE Version 3.3 Nombre de vols:66 Heures d'operation :9:22:47
0.0;-8;50.2;0.3;0.00;0.02;4.17;4.18;4.21;4.21;4.21;4.21;4.19;4.20;4.19;4.21;4.19;4.20;7.96;21;20;21;23
1.0;-9;50.2;0.3;0.00;0.02;4.17;4.18;4.21;4.21;4.20;4.21;4.19;4.20;4.19;4.21;4.19;4.21;7.96;21;20;21;23
2.0;-9;50.2;0.3;0.00;0.08;4.17;4.18;4.21;4.21;4.21;4.21;4.19;4.19;4.19;4.21;4.19;4.20;7.96;21;20;21;23
3.0;-9;50.2;0.3;0.00;0.08;4.17;4.18;4.21;4.21;4.20;4.21;4.19;4.20;4.19;4.21;4.19;4.21;7.96;21;20;21;23
4.0;-7;50.2;0.3;0.00;0.08;4.17;4.19;4.20;4.21;4.20;4.21;4.19;4.20;4.19;4.21;4.19;4.21;7.96;21;20;21;23
5.0;-12;50.2;0.3;0.00;0.08;4.17;4.18;4.21;4.21;4.20;4.21;4.19;4.20;4.19;4.21;4.19;4.20;7.96;21;20;21;23
6.0;-12;50.2;0.3;0.00;0.08;4.17;4.18;4.20;4.21;4.20;4.21;4.19;4.20;4.19;4.21;4.19;4.21;7.97;21;20;21;23
7.0;-10;50.2;0.3;0.00;0.08;4.17;4.18;4.21;4.21;4.20;4.21;4.19;4.20;4.19;4.21;4.19;4.20;7.97;21;20;21;23
8.0;-8;50.2;0.3;0.00;0.08;4.17;4.19;4.20;4.21;4.21;4.21;4.19;4.20;4.19;4.21;4.19;4.20;7.97;21;20;21;24
9.0;-9;50.2;0.3;0.00;0.08;4.17;4.19;4.21;4.21;4.20;4.21;4.19;4.20;4.19;4.21;4.19;4.20;7.97;21;20;21;24
10.0;-5;50.2;0.1;0.00;0.08;4.17;4.18;4.21;4.21;4.20;4.21;4.19;4.20;4.19;4.21;4.19;4.21;7.97;21;20;21;24
11.0;-5;50.2;0.1;0.00;0.08;4.17;4.18;4.21;4.21;4.21;4.21;4.19;4.20;4.19;4.21;4.19;4.21;7.97;21;20;21;24
12.0;-5;50.2;0.3;0.00;0.08;4.17;4.18;4.21;4.21;4.21;4.21;4.19;4.20;4.19;4.20;4.19;4.20;7.97;21;20;21;24
13.0;-4;50.2;0.3;0.00;0.08;4.17;4.18;4.21;4.21;4.20;4.21;4.19;4.20;4.19;4.21;4.19;4.21;7.97;21;20;21;24
14.0;-4;50.2;0.3;0.00;0.08;4.17;4.18;4.21;4.21;4.20;4.21;4.19;4.20;4.19;4.21;4.19;4.21;7.97;21;20;21;24
15.0;-3;50.2;0.3;0.00;0.08;4.17;4.18;4.21;4.21;4.21;4.21;4.19;4.20;4.19;4.21;4.19;4.21;7.97;21;20;21;24
16.0;-6;50.2;0.3;0.00;0.15;4.17;4.18;4.20;4.21;4.21;4.21;4.19;4.20;4.19;4.21;4.19;4.20;7.97;21;20;21;24
17.0;-6;50.2;0.3;0.00;0.15;4.17;4.18;4.20;4.21;4.21;4.21;4.19;4.19;4.19;4.21;4.19;4.20;7.97;21;20;21;24
18.0;-6;50.2;0.1;0.00;0.15;4.17;4.18;4.21;4.21;4.20;4.21;4.19;4.20;4.19;4.20;4.19;4.20;7.98;21;20;21;24
19.0;-5;50.2;0.1;0.00;0.15;4.17;4.18;4.21;4.21;4.21;4.21;4.19;4.20;4.19;4.21;4.19;4.21;7.98;21;20;21;24
20.0;-5;50.2;0.3;0.00;0.15;4.17;4.18;4.20;4.21;4.20;4.21;4.19;4.20;4.19;4.21;4.19;4.20;7.98;21;20;21;24
21.0;-2;50.2;0.3;0.00;0.15;4.17;4.18;4.21;4.21;4.20;4.21;4.19;4.20;4.19;4.21;4.19;4.20;7.98;21;20;21;24
22.0;-3;50.2;0.3;0.00;0.15;4.17;4.18;4.21;4.21;4.20;4.21;4.19;4.20;4.19;4.21;4.19;4.20;7.98;21;20;21;24
23.0;-3;50.2;0.3;0.00;0.15;4.17;4.18;4.21;4.21;4.20;4.21;4.19;4.20;4.19;4.21;4.19;4.21;7.98;21;20;21;24
24.0;-4;50.2;0.3;0.00;0.15;4.17;4.18;4.21;4.21;4.20;4.21;4.19;4.19;4.19;4.21;4.19;4.20;7.98;21;20;21;24
25.0;-3;50.2;0.2;0.00;0.15;4.17;4.18;4.21;4.21;4.21;4.21;4.19;4.19;4.19;4.21;4.19;4.20;7.98;21;20;21;24
26.0;-3;50.2;0.2;0.00;0.15;4.17;4.18;4.21;4.21;4.21;4.21;4.19;4.20;4.19;4.21;4.19;4.21;7.98;21;20;21;24
27.0;-3;50.2;0.2;0.00;0.15;4.17;4.18;4.21;4.21;4.20;4.21;4.19;4.19;4.19;4.21;4.19;4.21;7.98;21;20;21;24
28.0;-3;50.2;0.1;0.00;0.15;4.17;4.18;4.20;4.21;4.20;4.21;4.19;4.20;4.19;4.20;4.19;4.20;7.98;21;20;21;24
29.0;-3;50.2;0.1;0.00;0.20;4.17;4.18;4.21;4.21;4.20;4.21;4.19;4.20;4.19;4.21;4.19;4.20;7.98;21;20;21;24
30.0;-4;50.2;0.2;0.00;0.20;4.17;4.18;4.20;4.21;4.20;4.21;4.19;4.20;4.19;4.21;4.19;4.21;7.99;21;20;21;24
31.0;-3;50.2;0.1;0.00;0.20;4.17;4.18;4.21;4.21;4.20;4.21;4.19;4.20;4.19;4.21;4.19;4.20;7.99;21;20;21;24
32.0;-2;50.2;0.1;0.00;0.20;4.17;4.18;4.21;4.21;4.20;4.21;4.19;4.20;4.19;4.21;4.19;4.20;7.99;21;20;21;24
33.0;-3;50.2;0.2;0.00;0.20;4.17;4.18;4.21;4.21;4.20;4.21;4.19;4.20;4.19;4.21;4.19;4.20;7.99;21;20;21;24
34.0;-7;50.2;0.2;0.00;0.20;4.17;4.18;4.20;4.21;4.20;4.21;4.19;4.19;4.19;4.21;4.19;4.20;7.99;21;20;21;24
35.0;-8;50.2;0.1;0.00;0.20;4.17;4.18;4.21;4.21;4.20;4.21;4.19;4.20;4.19;4.20;4.19;4.20;7.99;21;20;21;24
36.0;-9;50.2;0.1;0.00;0.20;4.17;4.18;4.21;4.20;4.21;4.21;4.19;4.20;4.19;4.21;4.19;4.21;7.99;21;20;21;24
37.0;-7;50.2;0.1;0.00;0.20;4.17;4.18;4.21;4.21;4.20;4.21;4.19;4.19;4.19;4.21;4.19;4.21;7.99;21;20;21;24
38.0;-7;50.2;0.2;0.00;0.20;4.17;4.18;4.21;4.21;4.20;4.21;4.19;4.19;4.19;4.21;4.19;4.21;7.99;21;20;21;24
39.0;-8;50.2;0.2;0.00;0.20;4.17;4.18;4.21;4.21;4.20;4.21;4.19;4.19;4.19;4.21;4.19;4.21;7.99;21;20;21;24
40.0;-2;50.2;0.1;0.00;0.20;4.17;4.18;4.21;4.20;4.20;4.21;4.19;4.19;4.19;4.21;4.19;4.20;7.99;21;20;21;24
41.0;-6;50.2;0.2;0.00;0.20;4.17;4.18;4.20;4.21;4.20;4.21;4.19;4.19;4.19;4.21;4.19;4.20;7.99;21;20;21;24
42.0;-8;50.2;0.2;0.00;0.24;4.17;4.18;4.20;4.21;4.20;4.21;4.19;4.19;4.19;4.20;4.19;4.20;7.99;21;20;21;24
43.0;-7;50.2;0.1;0.00;0.24;4.17;4.18;4.21;4.21;4.20;4.21;4.19;4.20;4.19;4.20;4.19;4.20;7.99;21;20;21;24
44.0;-9;50.2;0.1;0.00;0.24;4.17;4.18;4.21;4.21;4.20;4.21;4.19;4.19;4.19;4.21;4.19;4.20;7.99;21;20;21;24
45.0;-7;50.2;0.2;0.00;0.24;4.17;4.18;4.21;4.21;4.21;4.21;4.19;4.20;4.19;4.21;4.19;4.20;7.99;21;20;21;24
46.0;-7;50.2;0.2;0.00;0.24;4.17;4.18;4.21;4.20;4.20;4.21;4.19;4.19;4.19;4.20;4.19;4.20;7.99;21;20;21;24
47.0;-7;50.2;0.1;0.00;0.24;4.17;4.18;4.21;4.21;4.20;4.21;4.18;4.20;4.19;4.21;4.19;4.20;7.99;21;20;21;24
48.0;-7;50.2;0.1;0.00;0.24;4.17;4.18;4.20;4.21;4.20;4.21;4.19;4.19;4.19;4.21;4.19;4.20;7.99;21;20;21;24
49.0;-7;50.2;0.1;0.00;0.24;4.17;4.18;4.21;4.21;4.20;4.21;4.19;4.20;4.19;4.21;4.19;4.20;7.99;21;20;21;24
50.0;-6;50.2;0.2;0.00;0.24;4.17;4.18;4.20;4.21;4.20;4.21;4.19;4.19;4.19;4.20;4.19;4.20;7.99;21;20;21;24
51.0;-7;50.2;0.1;0.00;0.24;4.17;4.18;4.21;4.21;4.21;4.20;4.19;4.19;4.19;4.21;4.19;4.21;7.99;21;21;21;24
52.0;-7;50.2;0.1;0.00;0.24;4.17;4.18;4.20;4.21;4.20;4.21;4.18;4.19;4.19;4.21;4.19;4.20;7.99;21;21;21;24
53.0;-7;50.2;0.1;0.00;0.24;4.17;4.18;4.21;4.21;4.21;4.21;4.19;4.19;4.19;4.21;4.19;4.20;8.00;21;21;21;24
54.0;-7;50.2;0.1;0.00;0.24;4.17;4.18;4.20;4.21;4.20;4.21;4.19;4.19;4.19;4.20;4.19;4.20;8.00;21;21;21;24
55.0;-6;50.2;0.1;0.00;0.24;4.17;4.18;4.21;4.21;4.20;4.21;4.19;4.19;4.19;4.21;4.19;4.20;8.00;21;21;21;24
56.0;-6;50.2;0.1;0.00;0.27;4.17;4.18;4.21;4.21;4.20;4.21;4.18;4.20;4.19;4.20;4.19;4.20;8.00;21;21;21;24
57.0;-6;50.2;0.1;0.00;0.27;4.17;4.18;4.21;4.21;4.20;4.21;4.19;4.19;4.19;4.20;4.19;4.20;8.00;21;21;21;24
58.0;-6;50.2;0.1;0.00;0.27;4.17;4.18;4.20;4.21;4.21;4.21;4.18;4.20;4.19;4.20;4.19;4.20;8.00;21;21;21;24
59.0;-7;50.2;0.1;0.00;0.27;4.17;4.18;4.21;4.21;4.20;4.20;4.19;4.19;4.19;4.21;4.19;4.20;8.00;21;21;21;24
60.0;-7;50.2;0.1;0.00;0.27;4.17;4.18;4.21;4.21;4.20;4.20;4.19;4.19;4.19;4.21;4.19;4.20;8.00;21;21;21;24
61.0;-6;50.2;0.1;0.00;0.27;4.17;4.18;4.21;4.21;4.20;4.21;4.18;4.20;4.19;4.20;4.19;4.20;8.00;21;21;21;24
62.0;-7;50.2;0.1;0.00;0.27;4.17;4.18;4.21;4.20;4.20;4.21;4.18;4.20;4.19;4.21;4.19;4.20;8.00;21;21;21;24
63.0;-7;50.2;0.1;0.00;0.27;4.17;4.18;4.21;4.21;4.21;4.21;4.18;4.20;4.19;4.21;4.19;4.20;8.00;21;21;21;24
64.0;-7;50.2;0.1;0.00;0.27;4.17;4.18;4.20;4.21;4.20;4.21;4.18;4.20;4.19;4.20;4.19;4.20;8.00;21;21;21;24
65.0;-6;50.2;0.1;0.00;0.27;4.17;4.18;4.21;4.21;4.20;4.21;4.18;4.20;4.19;4.21;4.19;4.20;8.00;21;21;21;24
66.0;-6;50.2;0.1;0.00;0.27;4.17;4.18;4.20;4.21;4.20;4.21;4.18;4.19;4.19;4.21;4.19;4.20;8.01;21;21;21;24
67.0;-8;50.2;0.1;0.00;0.27;4.17;4.18;4.21;4.20;4.20;4.21;4.19;4.20;4.19;4.20;4.19;4.20;8.01;21;21;21;24
68.0;-7;50.2;0.1;0.00;0.27;4.17;4.18;4.21;4.21;4.20;4.21;4.18;4.19;4.19;4.21;4.19;4.20;8.01;21;21;21;24
69.0;-7;50.2;0.1;0.00;0.31;4.17;4.18;4.21;4.21;4.20;4.21;4.19;4.19;4.19;4.20;4.19;4.20;8.01;21;21;21;24
70.0;-7;50.2;0.1;0.00;0.31;4.17;4.18;4.21;4.21;4.20;4.21;4.18;4.20;4.19;4.20;4.19;4.20;8.01;21;21;21;24
71.0;-7;50.2;0.1;0.00;0.31;4.17;4.18;4.21;4.21;4.20;4.21;4.18;4.20;4.19;4.21;4.19;4.20;8.01;21;21;21;24
72.0;-7;50.2;0.1;0.00;0.31;4.17;4.18;4.20;4.21;4.20;4.21;4.18;4.19;4.19;4.20;4.19;4.20;8.01;21;21;21;24
73.0;-7;50.2;0.2;0.00;0.31;4.17;4.18;4.21;4.20;4.20;4.21;4.18;4.19;4.19;4.20;4.19;4.20;8.01;21;21;21;24
74.0;-7;50.2;0.2;0.00;0.31;4.17;4.18;4.21;4.21;4.20;4.21;4.18;4.19;4.19;4.21;4.19;4.21;8.01;21;21;21;24
75.0;-7;50.2;0.1;0.00;0.31;4.17;4.18;4.20;4.21;4.20;4.20;4.18;4.20;4.19;4.20;4.19;4.20;8.01;21;21;21;24
76.0;-7;50.2;0.1;0.00;0.31;4.17;4.18;4.21;4.20;4.20;4.21;4.18;4.19;4.19;4.21;4.19;4.20;8.01;21;21;21;24
77.0;-7;50.2;0.1;0.00;0.31;4.17;4.18;4.21;4.20;4.21;4.21;4.18;4.19;4.19;4.20;4.19;4.20;8.01;21;21;21;24
78.0;-7;50.2;0.3;0.00;0.31;4.17;4.18;4.21;4.21;4.20;4.21;4.18;4.19;4.19;4.20;4.19;4.20;8.01;21;21;21;24
79.0;-7;50.2;0.3;0.00;0.31;4.17;4.18;4.21;4.21;4.20;4.21;4.18;4.19;4.19;4.20;4.19;4.21;8.01;21;21;21;24
80.0;-7;50.2;0.1;0.00;0.31;4.17;4.18;4.21;4.20;4.20;4.21;4.18;4.19;4.19;4.21;4.19;4.20;8.01;21;21;21;24
81.0;-6;50.2;0.1;0.00;0.31;4.17;4.18;4.21;4.20;4.20;4.21;4.18;4.19;4.19;4.21;4.19;4.20;8.01;21;21;21;24
82.0;-8;50.2;0.1;0.00;0.34;4.17;4.18;4.21;4.20;4.20;4.21;4.18;4.19;4.19;4.20;4.19;4.20;8.01;21;21;21;24
83.0;-7;50.2;0.1;0.00;0.34;4.17;4.18;4.21;4.20;4.20;4.21;4.18;4.19;4.19;4.20;4.19;4.20;8.01;21;21;21;24
84.0;-7;50.2;0.1;0.00;0.34;4.17;4.18;4.20;4.21;4.20;4.21;4.18;4.19;4.19;4.21;4.19;4.20;8.01;21;21;21;24
85.0;-7;50.2;0.1;0.00;0.34;4.17;4.18;4.20;4.21;4.20;4.21;4.18;4.20;4.19;4.20;4.19;4.20;8.01;21;21;21;24
86.0;-7;50.2;0.1;0.00;0.34;4.17;4.18;4.20;4.20;4.20;4.21;4.18;4.19;4.19;4.20;4.19;4.20;8.01;21;21;21;24
87.0;-7;50.2;0.1;0.00;0.34;4.17;4.18;4.20;4.21;4.20;4.21;4.18;4.19;4.19;4.20;4.19;4.20;8.01;21;21;21;24
88.0;-7;50.2;0.1;0.00;0.34;4.17;4.18;4.20;4.20;4.20;4.21;4.18;4.19;4.19;4.21;4.19;4.20;8.01;21;21;21;24
89.0;-7;50.2;0.1;0.00;0.34;4.17;4.18;4.20;4.21;4.20;4.21;4.18;4.19;4.19;4.21;4.19;4.21;8.02;21;21;21;24
90.0;-7;50.2;0.1;0.00;0.34;4.17;4.18;4.21;4.20;4.20;4.21;4.18;4.19;4.19;4.20;4.19;4.20;8.02;21;21;21;24
91.0;-7;50.2;0.1;0.00;0.34;4.17;4.18;4.21;4.21;4.20;4.21;4.18;4.19;4.19;4.20;4.19;4.20;8.02;21;21;21;24
92.0;-7;50.2;0.1;0.00;0.34;4.17;4.18;4.20;4.21;4.20;4.21;4.18;4.19;4.19;4.21;4.19;4.20;8.02;21;21;21;24
93.0;-7;50.2;0.1;0.00;0.34;4.17;4.18;4.21;4.20;4.20;4.21;4.18;4.19;4.19;4.21;4.19;4.20;8.02;21;21;21;24
94.0;-7;50.2;0.1;0.00;0.34;4.17;4.18;4.21;4.20;4.20;4.20;4.18;4.19;4.19;4.21;4.19;4.20;8.02;21;21;21;24
95.0;-8;50.2;0.1;0.00;0.34;4.17;4.18;4.21;4.20;4.20;4.21;4.18;4.19;4.19;4.21;4.19;4.20;8.02;21;21;21;24
96.0;-7;50.2;0.1;0.00;0.37;4.17;4.18;4.20;4.21;4.20;4.21;4.18;4.19;4.19;4.20;4.19;4.20;8.02;21;20;21;24
97.0;-7;50.2;0.1;0.00;0.37;4.17;4.18;4.21;4.20;4.20;4.21;4.18;4.19;4.19;4.20;4.19;4.20;8.02;21;20;21;24
98.0;-7;50.2;0.1;0.00;0.37;4.17;4.18;4.20;4.21;4.20;4.20;4.18;4.19;4.19;4.21;4.19;4.21;8.02;21;20;21;24
99.0;-7;50.2;0.1;0.00;0.37;4.17;4.18;4.21;4.20;4.20;4.21;4.18;4.19;4.19;4.20;4.19;4.20;8.02;21;20;21;24
100.0;-7;50.2;0.3;0.00;0.37;4.17;4.18;4.21;4.20;4.20;4.21;4.18;4.19;4.19;4.20;4.19;4.20;8.02;21;20;21;24
101.0;-6;50.2;0.1;0.00;0.37;4.17;4.18;4.20;4.20;4.20;4.21;4.18;4.19;4.19;4.20;4.19;4.20;8.02;21;20;21;24
102.0;-7;50.2;0.1;0.00;0.37;4.17;4.18;4.20;4.21;4.20;4.20;4.18;4.19;4.19;4.20;4.19;4.20;8.02;20;21;21;24
103.0;-7;50.2;0.1;0.00;0.37;4.17;4.18;4.20;4.20;4.20;4.21;4.18;4.19;4.19;4.20;4.19;4.20;8.02;20;21;21;24
104.0;-7;50.2;0.1;0.00;0.37;4.17;4.18;4.21;4.20;4.20;4.21;4.18;4.19;4.19;4.20;4.19;4.20;8.02;20;21;21;24
105.0;-7;50.2;0.1;0.00;0.37;4.17;4.18;4.21;4.20;4.20;4.21;4.18;4.19;4.19;4.20;4.19;4.20;8.02;20;21;21;24
106.0;-7;50.2;0.1;0.00;0.37;4.17;4.18;4.20;4.20;4.20;4.21;4.18;4.19;4.19;4.20;4.19;4.20;8.02;20;21;21;24
107.0;-7;50.2;0.1;0.00;0.37;4.17;4.18;4.21;4.20;4.20;4.21;4.18;4.19;4.19;4.20;4.19;4.20;8.02;20;21;21;24
108.0;-8;50.2;0.1;0.00;0.37;4.17;4.18;4.20;4.20;4.20;4.21;4.18;4.19;4.19;4.20;4.19;4.20;8.02;20;21;21;24
109.0;-9;50.2;0.1;0.00;0.40;4.17;4.18;4.20;4.21;4.20;4.21;4.18;4.20;4.19;4.21;4.19;4.20;8.02;20;21;21;24
110.0;-7;50.2;0.1;0.00;0.40;4.17;4.18;4.20;4.21;4.20;4.20;4.18;4.19;4.19;4.20;4.19;4.20;8.02;20;21;21;24
111.0;-8;50.2;0.1;0.00;0.40;4.17;4.18;4.21;4.20;4.20;4.21;4.18;4.19;4.19;4.20;4.19;4.20;8.02;20;21;21;24
112.0;-8;50.2;0.1;0.00;0.40;4.17;4.18;4.20;4.21;4.20;4.21;4.18;4.19;4.19;4.20;4.19;4.20;8.03;20;21;21;24
113.0;-8;50.2;0.1;0.00;0.40;4.17;4.18;4.20;4.21;4.20;4.21;4.18;4.19;4.19;4.20;4.19;4.20;8.03;20;21;21;24
114.0;-8;50.2;0.1;0.00;0.40;4.17;4.18;4.21;4.20;4.20;4.20;4.18;4.19;4.19;4.20;4.19;4.20;8.03;20;21;21;24
115.0;-8;50.2;0.1;0.00;0.40;4.17;4.18;4.20;4.21;4.20;4.21;4.18;4.19;4.19;4.20;4.19;4.20;8.03;20;21;21;24
116.0;-8;50.2;0.1;0.00;0.40;4.17;4.18;4.20;4.20;4.20;4.21;4.18;4.19;4.19;4.20;4.19;4.20;8.03;20;21;21;24
117.0;-8;50.2;0.3;0.00;0.40;4.17;4.18;4.21;4.20;4.20;4.21;4.18;4.19;4.19;4.20;4.19;4.20;8.03;20;21;21;24
118.0;-9;50.2;0.1;0.00;0.40;4.17;4.18;4.20;4.20;4.20;4.21;4.18;4.19;4.19;4.21;4.19;4.20;8.03;21;21;21;25
119.0;-8;50.2;0.1;0.00;0.40;4.17;4.18;4.20;4.21;4.20;4.21;4.18;4.19;4.19;4.20;4.19;4.20;8.03;21;21;21;25
120.0;-8;50.2;0.1;0.00;0.40;4.17;4.18;4.20;4.20;4.20;4.21;4.18;4.19;4.19;4.20;4.19;4.20;8.03;21;21;21;25
121.0;-8;50.2;0.1;0.00;0.40;4.17;4.18;4.20;4.21;4.20;4.21;4.18;4.19;4.19;4.21;4.19;4.20;8.03;21;21;21;25
122.0;-8;50.2;0.3;0.00;0.43;4.17;4.18;4.21;4.20;4.20;4.20;4.18;4.19;4.19;4.21;4.19;4.20;8.03;21;21;21;25
123.0;-8;50.2;0.1;0.00;0.43;4.17;4.18;4.20;4.21;4.20;4.21;4.18;4.19;4.19;4.21;4.19;4.20;8.03;21;21;21;25
124.0;-8;50.2;0.1;0.00;0.43;4.17;4.18;4.20;4.20;4.20;4.20;4.18;4.19;4.19;4.21;4.19;4.20;8.03;21;21;21;25
125.0;-8;50.2;0.1;0.00;0.43;4.17;4.18;4.20;4.20;4.20;4.21;4.18;4.19;4.19;4.20;4.19;4.20;8.03;21;21;21;25
126.0;-6;50.2;0.1;0.00;0.43;4.17;4.18;4.20;4.21;4.20;4.21;4.18;4.19;4.19;4.20;4.19;4.20;8.03;21;21;21;25
127.0;-7;50.2;0.3;0.00;0.43;4.17;4.18;4.20;4.20;4.20;4.21;4.18;4.19;4.19;4.20;4.19;4.20;8.03;21;21;21;25
128.0;-5;50.2;0.1;0.00;0.43;4.17;4.18;4.20;4.20;4.20;4.21;4.18;4.19;4.19;4.20;4.19;4.20;8.03;21;21;21;25
129.0;-6;50.2;0.1;0.00;0.43;4.17;4.18;4.20;4.20;4.20;4.21;4.18;4.19;4.19;4.21;4.19;4.20;8.03;21;21;21;25
130.0;-6;50.2;0.1;0.00;0.43;4.17;4.18;4.20;4.20;4.20;4.21;4.18;4.19;4.19;4.20;4.19;4.20;8.03;21;21;21;25
131.0;-5;50.2;0.1;0.00;0.43;4.17;4.18;4.20;4.20;4.20;4.21;4.18;4.19;4.19;4.21;4.19;4.20;8.03;21;21;21;25
132.0;-6;50.2;0.1;0.00;0.43;4.17;4.18;4.21;4.20;4.20;4.21;4.18;4.19;4.19;4.20;4.19;4.20;8.03;21;21;21;25
133.0;-7;50.2;0.1;0.00;0.43;4.17;4.18;4.20;4.20;4.20;4.21;4.18;4.19;4.19;4.20;4.19;4.20;8.03;21;21;21;25
134.0;-6;50.2;0.1;0.00;0.43;4.17;4.18;4.20;4.21;4.20;4.20;4.18;4.19;4.19;4.20;4.19;4.20;8.03;21;21;21;25
135.0;-7;50.2;0.1;0.00;0.43;4.17;4.18;4.20;4.20;4.20;4.21;4.18;4.19;4.19;4.20;4.19;4.20;8.03;21;21;21;25
136.0;-6;50.2;0.1;0.00;0.47;4.17;4.18;4.20;4.20;4.20;4.20;4.18;4.19;4.19;4.20;4.19;4.20;8.03;21;21;21;25
137.0;-6;50.2;0.1;0.00;0.47;4.17;4.18;4.20;4.20;4.20;4.21;4.18;4.19;4.19;4.20;4.19;4.20;8.03;21;21;21;25
138.0;-6;50.2;0.2;0.00;0.47;4.17;4.18;4.20;4.20;4.20;4.21;4.18;4.19;4.19;4.20;4.19;4.20;8.03;21;21;21;25
139.0;-6;50.2;0.2;0.00;0.47;4.17;4.18;4.20;4.20;4.20;4.21;4.18;4.19;4.19;4.20;4.19;4.20;8.03;21;21;21;25
140.0;-5;50.2;0.3;0.00;0.47;4.17;4.18;4.20;4.20;4.20;4.20;4.18;4.19;4.19;4.20;4.19;4.20;8.03;21;21;21;25
141.0;-5;50.2;0.1;0.00;0.47;4.17;4.18;4.20;4.20;4.20;4.21;4.18;4.19;4.19;4.21;4.19;4.20;8.03;21;21;21;25
142.0;-6;50.2;0.1;0.00;0.47;4.17;4.18;4.20;4.21;4.20;4.21;4.18;4.19;4.19;4.21;4.19;4.21;8.03;21;21;21;25
143.0;-6;50.2;0.3;0.00;0.47;4.17;4.18;4.20;4.20;4.20;4.21;4.18;4.19;4.19;4.21;4.19;4.20;8.03;21;21;21;25
144.0;-5;50.2;0.3;0.00;0.47;4.17;4.18;4.20;4.21;4.20;4.21;4.18;4.19;4.19;4.20;4.19;4.20;8.03;21;21;21;25
145.0;-6;50.2;0.1;0.00;0.47;4.17;4.18;4.20;4.20;4.20;4.20;4.18;4.19;4.19;4.20;4.19;4.20;8.03;21;21;21;25
146.0;-6;50.2;0.1;0.00;0.47;4.17;4.18;4.20;4.21;4.20;4.20;4.18;4.19;4.19;4.20;4.19;4.20;8.03;21;21;21;25
147.0;-6;50.2;0.1;0.00;0.47;4.17;4.18;4.20;4.20;4.20;4.21;4.18;4.19;4.19;4.20;4.19;4.20;8.03;21;21;21;25
148.0;-6;50.2;0.2;0.00;0.47;4.17;4.18;4.20;4.21;4.20;4.21;4.18;4.19;4.19;4.20;4.19;4.20;8.03;21;21;21;25
149.0;-6;50.2;0.2;0.00;0.51;4.17;4.18;4.20;4.20;4.20;4.21;4.18;4.19;4.19;4.20;4.19;4.20;8.03;21;21;21;25
150.0;-6;50.2;0.1;0.00;0.51;4.17;4.18;4.20;4.21;4.20;4.21;4.18;4.19;4.19;4.21;4.19;4.20;8.03;21;21;21;25
151.0;-6;50.2;0.1;0.00;0.51;4.17;4.18;4.20;4.21;4.20;4.21;4.18;4.19;4.19;4.20;4.19;4.20;8.03;21;21;21;25
152.0;-6;50.2;0.1;0.00;0.51;4.17;4.18;4.20;4.20;4.20;4.21;4.18;4.19;4.19;4.20;4.19;4.20;8.03;21;21;21;25
153.0;-6;50.2;0.3;0.00;0.51;4.17;4.18;4.20;4.20;4.20;4.21;4.18;4.19;4.19;4.20;4.19;4.20;8.03;21;21;21;25
154.0;-6;50.2;0.3;0.00;0.51;4.17;4.18;4.20;4.20;4.20;4.21;4.18;4.19;4.19;4.20;4.19;4.20;8.03;21;21;21;25
155.0;-6;50.2;0.1;0.00;0.51;4.17;4.18;4.21;4.20;4.20;4.20;4.18;4.19;4.19;4.20;4.19;4.20;8.03;21;21;21;25
156.0;-6;50.2;0.1;0.00;0.51;4.17;4.18;4.20;4.21;4.20;4.20;4.18;4.19;4.19;4.21;4.19;4.20;8.03;21;21;21;25
157.0;-6;50.2;0.3;0.00;0.51;4.17;4.18;4.21;4.20;4.20;4.21;4.18;4.19;4.19;4.20;4.19;4.20;8.03;21;21;21;25
158.0;-6;50.2;0.3;0.00;0.51;4.17;4.18;4.20;4.21;4.20;4.20;4.18;4.19;4.19;4.20;4.19;4.20;8.03;21;21;21;25
159.0;-6;50.2;0.3;0.01;0.51;4.17;4.18;4.20;4.20;4.20;4.21;4.18;4.19;4.19;4.20;4.19;4.20;8.03;21;21;21;25
160.0;-6;50.2;0.1;0.01;0.51;4.17;4.18;4.20;4.21;4.20;4.21;4.18;4.19;4.19;4.20;4.19;4.20;8.04;21;21;21;25
161.0;-6;50.2;0.1;0.01;0.51;4.17;4.18;4.20;4.20;4.20;4.21;4.18;4.19;4.19;4.21;4.19;4.20;8.04;21;20;21;25
162.0;-6;50.2;0.3;0.01;0.55;4.17;4.18;4.20;4.20;4.20;4.20;4.18;4.19;4.19;4.20;4.19;4.20;8.04;21;20;21;25
163.0;-6;50.2;0.1;0.01;0.55;4.17;4.18;4.20;4.20;4.20;4.21;4.18;4.19;4.19;4.20;4.19;4.20;8.04;21;20;21;25
164.0;-6;50.2;0.1;0.01;0.55;4.17;4.18;4.20;4.21;4.20;4.20;4.18;4.19;4.19;4.20;4.19;4.20;8.04;21;20;21;25
165.0;-6;50.2;0.2;0.01;0.55;4.17;4.18;4.20;4.21;4.20;4.20;4.18;4.19;4.19;4.20;4.19;4.20;8.04;21;20;21;25
166.0;-6;50.2;0.2;0.01;0.55;4.17;4.18;4.20;4.20;4.20;4.20;4.18;4.19;4.19;4.21;4.19;4.20;8.04;21;20;21;25
167.0;-6;50.2;0.3;0.01;0.55;4.17;4.18;4.20;4.20;4.20;4.21;4.18;4.19;4.19;4.20;4.19;4.20;8.04;21;20;21;25
168.0;-6;50.2;0.2;0.01;0.55;4.17;4.18;4.20;4.20;4.20;4.21;4.18;4.19;4.19;4.21;4.19;4.20;8.04;21;20;21;25
169.0;-6;50.2;0.2;0.01;0.55;4.17;4.18;4.20;4.20;4.20;4.21;4.18;4.19;4.19;4.20;4.19;4.20;8.04;21;20;21;25
170.0;-6;50.2;0.3;0.01;0.55;4.17;4.18;4.20;4.20;4.20;4.21;4.18;4.19;4.19;4.20;4.19;4.20;8.04;21;20;21;25
171.0;-6;50.2;0.3;0.01;0.55;4.17;4.18;4.20;4.20;4.20;4.20;4.18;4.19;4.19;4.20;4.19;4.20;8.05;21;20;21;25
172.0;-6;50.2;0.3;0.01;0.55;4.17;4.18;4.20;4.20;4.20;4.20;4.18;4.19;4.19;4.20;4.19;4.20;8.05;21;20;21;25
173.0;-6;50.2;0.3;0.01;0.55;4.17;4.18;4.21;4.20;4.20;4.21;4.18;4.19;4.19;4.20;4.19;4.20;8.05;21;20;21;25
174.0;-6;50.2;0.3;0.01;0.55;4.17;4.18;4.20;4.20;4.20;4.21;4.18;4.19;4.19;4.20;4.19;4.20;8.05;21;20;21;25
175.0;-6;50.2;0.1;0.01;0.55;4.17;4.18;4.20;4.20;4.20;4.21;4.18;4.19;4.19;4.20;4.18;4.20;8.05;21;20;21;25
176.0;-6;50.2;0.1;0.01;0.61;4.17;4.18;4.20;4.20;4.20;4.20;4.18;4.19;4.19;4.20;4.19;4.20;8.05;21;20;21;25
177.0;-6;50.2;0.1;0.01;0.61;4.17;4.18;4.20;4.20;4.20;4.21;4.18;4.19;4.19;4.20;4.19;4.20;8.05;21;20;21;25
178.0;-6;50.2;0.2;0.01;0.61;4.17;4.18;4.20;4.21;4.20;4.21;4.18;4.19;4.19;4.20;4.19;4.20;8.05;21;20;21;25
179.0;-7;50.2;0.2;0.01;0.61;4.17;4.18;4.20;4.21;4.20;4.20;4.18;4.19;4.19;4.20;4.19;4.20;8.05;21;20;21;25
180.0;-7;50.2;0.3;0.01;0.61;4.17;4.18;4.20;4.21;4.20;4.21;4.18;4.19;4.19;4.20;4.19;4.20;8.05;21;20;21;25
181.0;-6;50.2;0.3;0.01;0.61;4.17;4.18;4.20;4.21;4.20;4.21;4.18;4.19;4.19;4.20;4.19;4.20;8.05;21;20;21;25
182.0;-6;50.2;0.3;0.01;0.61;4.17;4.18;4.20;4.20;4.20;4.21;4.18;4.19;4.19;4.20;4.19;4.20;8.05;21;20;21;26
183.0;-7;50.2;0.3;0.01;0.61;4.17;4.18;4.20;4.20;4.20;4.20;4.18;4.19;4.19;4.21;4.19;4.20;8.05;21;20;21;26
184.0;-7;50.2;0.3;0.01;0.61;4.17;4.18;4.20;4.20;4.20;4.20;4.18;4.19;4.19;4.20;4.19;4.20;8.05;21;20;21;26
185.0;-6;50.2;0.2;0.01;0.61;4.17;4.18;4.20;4.20;4.20;4.21;4.18;4.19;4.19;4.20;4.19;4.20;8.05;21;20;21;26
186.0;-6;50.2;0.2;0.01;0.61;4.17;4.18;4.20;4.20;4.20;4.20;4.18;4.19;4.19;4.20;4.19;4.20;8.05;20;20;21;26
187.0;-6;50.2;0.2;0.01;0.61;4.17;4.18;4.20;4.20;4.20;4.20;4.18;4.19;4.19;4.20;4.19;4.20;8.05;20;20;21;26
188.0;-6;50.2;0.3;0.01;0.61;4.17;4.18;4.20;4.21;4.20;4.21;4.18;4.19;4.19;4.20;4.19;4.20;8.05;20;20;21;26
189.0;-6;50.2;0.3;0.01;0.67;4.17;4.18;4.20;4.20;4.20;4.21;4.18;4.19;4.19;4.20;4.19;4.20;8.05;20;20;21;26
190.0;-5;50.2;0.1;0.01;0.67;4.17;4.18;4.20;4.21;4.20;4.20;4.18;4.19;4.19;4.20;4.19;4.20;8.05;20;20;21;26
191.0;-5;50.2;0.1;0.01;0.67;4.17;4.18;4.20;4.20;4.20;4.21;4.18;4.19;4.19;4.20;4.19;4.20;8.05;20;20;21;26
192.0;-6;50.2;0.1;0.01;0.67;4.17;4.18;4.20;4.20;4.20;4.20;4.18;4.19;4.19;4.20;4.19;4.20;8.05;20;20;21;26
193.0;-5;50.2;0.2;0.01;0.67;4.17;4.18;4.20;4.20;4.20;4.21;4.18;4.19;4.19;4.20;4.19;4.20;8.05;20;20;21;26
194.0;-5;50.2;0.2;0.01;0.67;4.17;4.18;4.20;4.20;4.20;4.20;4.18;4.19;4.19;4.20;4.19;4.20;8.05;20;20;21;26
195.0;-6;50.2;0.2;0.01;0.67;4.17;4.18;4.20;4.20;4.20;4.21;4.18;4.19;4.19;4.20;4.19;4.20;8.05;20;20;21;26
196.0;-6;50.2;0.2;0.01;0.67;4.17;4.18;4.20;4.20;4.20;4.20;4.18;4.19;4.19;4.20;4.19;4.20;8.06;20;20;21;26
197.0;-6;50.2;0.3;0.01;0.67;4.17;4.18;4.20;4.20;4.20;4.21;4.18;4.19;4.19;4.20;4.19;4.20;8.06;20;20;21;26
198.0;-6;50.2;0.3;0.01;0.67;4.17;4.18;4.20;4.20;4.20;4.20;4.18;4.19;4.19;4.20;4.19;4.20;8.06;20;20;21;26
199.0;-5;50.2;0.3;0.01;0.67;4.17;4.18;4.20;4.20;4.20;4.21;4.18;4.19;4.19;4.20;4.19;4.20;8.06;20;20;21;26
200.0;-6;50.2;0.3;0.01;0.67;4.17;4.18;4.20;4.20;4.20;4.21;4.18;4.19;4.19;4.20;4.19;4.20;8.06;20;20;21;26
201.0;-5;50.2;0.3;0.01;0.67;4.17;4.18;4.20;4.20;4.20;4.21;4.18;4.19;4.19;4.21;4.19;4.20;8.06;20;20;21;26
202.0;-6;50.2;0.3;0.01;0.73;4.17;4.18;4.20;4.20;4.20;4.21;4.18;4.19;4.19;4.21;4.19;4.20;8.06;20;20;21;26
203.0;-5;50.2;0.3;0.01;0.73;4.17;4.18;4.20;4.20;4.20;4.21;4.18;4.19;4.19;4.20;4.19;4.20;8.06;20;20;21;26
204.0;-7;50.2;0.3;0.01;0.73;4.17;4.18;4.20;4.20;4.20;4.20;4.18;4.19;4.19;4.20;4.19;4.20;8.06;21;21;21;26
205.0;-6;50.2;0.3;0.01;0.73;4.17;4.18;4.20;4.20;4.20;4.21;4.18;4.19;4.19;4.20;4.19;4.20;8.06;21;21;21;26
206.0;-6;50.2;0.3;0.01;0.73;4.17;4.18;4.20;4.20;4.20;4.21;4.18;4.19;4.19;4.20;4.19;4.20;8.06;21;21;21;26
207.0;-6;50.2;0.3;0.01;0.73;4.17;4.18;4.20;4.20;4.20;4.21;4.18;4.19;4.19;4.20;4.19;4.20;8.06;21;21;21;26
208.0;-6;50.2;0.2;0.01;0.73;4.17;4.18;4.20;4.20;4.20;4.20;4.18;4.19;4.19;4.20;4.19;4.20;8.06;21;21;21;26
209.0;-7;50.2;0.2;0.01;0.73;4.17;4.18;4.20;4.20;4.20;4.20;4.18;4.19;4.19;4.20;4.19;4.20;8.06;21;21;21;26
210.0;-6;50.2;0.3;0.01;0.73;4.17;4.18;4.20;4.20;4.20;4.20;4.18;4.19;4.19;4.21;4.19;4.20;8.06;21;21;21;26
211.0;-6;50.2;0.3;0.01;0.73;4.17;4.18;4.20;4.20;4.20;4.20;4.18;4.19;4.19;4.20;4.19;4.20;8.06;21;21;21;26
212.0;-6;50.2;0.3;0.01;0.73;4.17;4.18;4.20;4.20;4.20;4.20;4.18;4.19;4.19;4.20;4.19;4.20;8.06;21;21;21;26
213.0;-6;50.2;0.3;0.01;0.73;4.17;4.18;4.20;4.20;4.20;4.21;4.18;4.19;4.19;4.20;4.19;4.20;8.06;21;21;21;26
214.0;-6;50.2;0.3;0.01;0.73;4.17;4.18;4.20;4.20;4.20;4.20;4.18;4.19;4.19;4.20;4.19;4.20;8.06;21;21;21;26
215.0;-6;50.2;0.3;0.01;0.79;4.17;4.18;4.20;4.20;4.20;4.21;4.18;4.19;4.19;4.20;4.19;4.20;8.06;21;21;21;26
216.0;-6;50.2;0.3;0.01;0.79;4.17;4.18;4.20;4.20;4.20;4.20;4.18;4.19;4.19;4.20;4.19;4.20;8.06;21;21;21;26
217.0;-6;50.2;0.3;0.01;0.79;4.17;4.18;4.20;4.20;4.20;4.21;4.18;4.19;4.19;4.20;4.19;4.20;8.06;21;21;21;26
218.0;-6;50.2;0.3;0.01;0.79;4.17;4.18;4.20;4.20;4.20;4.20;4.18;4.19;4.19;4.20;4.18;4.20;8.06;21;21;21;26
219.0;-6;50.2;0.3;0.01;0.79;4.17;4.18;4.20;4.20;4.20;4.21;4.18;4.19;4.19;4.20;4.19;4.20;8.07;21;21;21;26
220.0;-6;50.2;0.3;0.01;0.79;4.17;4.18;4.20;4.20;4.20;4.20;4.18;4.19;4.19;4.20;4.19;4.20;8.07;21;21;21;26
221.0;-6;50.2;0.3;0.01;0.79;4.17;4.18;4.20;4.20;4.20;4.20;4.18;4.19;4.19;4.20;4.19;4.20;8.07;21;21;21;26
222.0;-6;50.2;0.3;0.01;0.79;4.17;4.18;4.20;4.20;4.20;4.20;4.18;4.19;4.19;4.20;4.19;4.20;8.07;21;21;21;26
223.0;-7;50.2;0.3;0.01;0.79;4.17;4.18;4.20;4.20;4.20;4.20;4.18;4.19;4.19;4.20;4.19;4.20;8.07;21;21;21;26
224.0;-6;50.2;0.3;0.01;0.79;4.17;4.18;4.20;4.20;4.20;4.21;4.18;4.19;4.19;4.20;4.19;4.20;8.07;21;21;21;26
225.0;-6;50.2;0.3;0.01;0.79;4.17;4.18;4.20;4.20;4.20;4.20;4.18;4.19;4.19;4.20;4.19;4.20;8.07;21;21;21;26
226.0;-6;50.2;0.3;0.01;0.79;4.17;4.18;4.20;4.20;4.20;4.20;4.18;4.19;4.19;4.20;4.18;4.20;8.07;21;20;21;26
227.0;-6;50.2;0.3;0.01;0.79;4.17;4.18;4.20;4.20;4.20;4.21;4.18;4.19;4.19;4.20;4.19;4.20;8.07;21;20;21;26
228.0;-6;50.2;0.3;0.01;0.79;4.17;4.18;4.20;4.20;4.20;4.20;4.18;4.19;4.19;4.20;4.19;4.20;8.07;21;20;21;26
229.0;-6;50.2;0.3;0.01;0.86;4.17;4.18;4.20;4.20;4.20;4.21;4.18;4.19;4.19;4.21;4.18;4.20;8.07;21;20;21;26
230.0;-6;50.2;0.3;0.01;0.86;4.17;4.18;4.20;4.20;4.20;4.21;4.18;4.19;4.19;4.20;4.19;4.20;8.07;21;20;21;26
231.0;-5;50.2;0.3;0.01;0.86;4.17;4.18;4.20;4.20;4.20;4.21;4.18;4.19;4.19;4.20;4.19;4.20;8.08;21;20;21;26
232.0;-6;50.2;0.3;0.01;0.86;4.17;4.18;4.20;4.20;4.20;4.20;4.18;4.19;4.19;4.20;4.19;4.20;8.08;21;20;21;26
233.0;-6;50.2;0.3;0.01;0.86;4.17;4.18;4.20;4.20;4.20;4.20;4.18;4.19;4.19;4.20;4.19;4.20;8.08;21;20;21;26
234.0;-7;50.2;0.3;0.01;0.86;4.17;4.18;4.20;4.20;4.20;4.20;4.18;4.19;4.19;4.20;4.19;4.20;8.08;21;21;21;26
235.0;-7;50.2;0.3;0.01;0.86;4.17;4.18;4.20;4.20;4.20;4.20;4.18;4.19;4.19;4.20;4.19;4.20;8.08;21;21;21;26
236.0;-6;50.2;0.3;0.01;0.86;4.17;4.18;4.20;4.20;4.20;4.21;4.18;4.19;4.19;4.20;4.19;4.20;8.08;21;21;21;26
237.0;-6;50.2;0.3;0.01;0.86;4.17;4.18;4.20;4.20;4.20;4.21;4.18;4.19;4.19;4.20;4.19;4.20;8.08;21;21;21;26
238.0;-6;50.2;0.3;0.01;0.86;4.17;4.18;4.20;4.20;4.20;4.20;4.18;4.19;4.19;4.20;4.19;4.20;8.08;21;21;21;26
239.0;-6;50.2;0.3;0.01;0.86;4.17;4.18;4.20;4.20;4.20;4.20;4.18;4.19;4.19;4.20;4.18;4.20;8.08;21;21;21;26
240.0;-7;50.2;0.3;0.01;0.86;4.17;4.18;4.20;4.20;4.20;4.20;4.18;4.19;4.19;4.20;4.19;4.20;8.08;21;21;21;26
241.0;-6;50.2;0.3;0.01;0.86;4.17;4.18;4.20;4.20;4.20;4.20;4.18;4.19;4.19;4.20;4.19;4.20;8.08;21;21;21;26
242.0;-7;50.2;0.3;0.01;0.92;4.17;4.18;4.20;4.20;4.20;4.20;4.18;4.19;4.19;4.20;4.19;4.20;8.08;21;21;21;26
243.0;-7;50.2;0.3;0.01;0.92;4.17;4.18;4.20;4.20;4.20;4.20;4.18;4.19;4.19;4.20;4.18;4.20;8.09;21;21;21;26
244.0;-6;50.2;0.3;0.01;0.92;4.17;4.18;4.20;4.20;4.20;4.20;4.18;4.19;4.19;4.20;4.19;4.20;8.09;21;21;21;26
245.0;-7;50.2;0.3;0.01;0.92;4.17;4.18;4.20;4.20;4.20;4.21;4.18;4.19;4.19;4.20;4.19;4.20;8.09;21;21;21;26
246.0;-7;50.2;0.3;0.01;0.92;4.17;4.18;4.20;4.20;4.20;4.20;4.18;4.19;4.19;4.20;4.19;4.20;8.09;21;21;21;26
247.0;-6;50.2;0.3;0.01;0.92;4.17;4.18;4.20;4.20;4.20;4.20;4.18;4.19;4.19;4.20;4.19;4.20;8.09;21;21;21;26
248.0;-6;50.2;0.3;0.01;0.92;4.17;4.18;4.20;4.20;4.20;4.20;4.18;4.19;4.19;4.20;4.19;4.20;8.09;21;20;21;26
249.0;-6;50.2;0.3;0.01;0.92;4.17;4.18;4.20;4.20;4.20;4.21;4.18;4.19;4.19;4.20;4.19;4.20;8.09;21;20;21;26
250.0;-7;50.2;0.3;0.01;0.92;4.17;4.18;4.20;4.20;4.20;4.21;4.18;4.19;4.19;4.20;4.19;4.20;8.09;21;20;21;26
251.0;-6;50.2;0.3;0.01;0.92;4.17;4.18;4.20;4.20;4.20;4.21;4.18;4.19;4.19;4.20;4.19;4.20;8.09;21;20;21;26
252.0;-5;50.2;0.3;0.01;0.92;4.17;4.18;4.20;4.20;4.20;4.21;4.18;4.19;4.19;4.20;4.19;4.20;8.09;21;20;21;26
253.0;-6;50.2;0.3;0.01;0.92;4.17;4.18;4.20;4.20;4.20;4.20;4.18;4.19;4.19;4.20;4.19;4.20;8.09;21;20;21;26
254.0;-6;50.2;0.3;0.01;0.92;4.17;4.18;4.20;4.20;4.20;4.20;4.18;4.19;4.19;4.20;4.19;4.20;8.09;21;20;21;26
255.0;-6;50.2;0.3;0.01;0.99;4.17;4.18;4.20;4.20;4.20;4.20;4.18;4.19;4.19;4.20;4.19;4.20;8.09;21;20;21;26
256.0;-6;50.2;0.3;0.01;0.99;4.17;4.18;4.20;4.20;4.20;4.21;4.18;4.19;4.19;4.20;4.19;4.20;8.09;21;20;21;26
257.0;-6;50.2;0.3;0.01;0.99;4.17;4.18;4.20;4.20;4.20;4.20;4.18;4.19;4.19;4.20;4.19;4.20;8.09;21;20;21;26
258.0;-7;50.2;0.3;0.01;0.99;4.17;4.18;4.20;4.20;4.20;4.20;4.18;4.19;4.19;4.20;4.19;4.20;8.09;21;20;21;26
259.0;-7;50.2;0.3;0.01;0.99;4.17;4.18;4.20;4.20;4.20;4.20;4.18;4.19;4.19;4.20;4.19;4.20;8.09;21;20;21;26
260.0;-7;50.2;0.3;0.01;0.99;4.17;4.18;4.20;4.20;4.20;4.20;4.18;4.19;4.19;4.20;4.19;4.20;8.09;21;20;21;26
261.0;-7;50.2;0.3;0.01;0.99;4.17;4.18;4.20;4.20;4.20;4.20;4.18;4.19;4.19;4.20;4.18;4.20;8.09;21;20;21;26
262.0;-7;50.2;0.3;0.01;0.99;4.17;4.18;4.20;4.20;4.20;4.20;4.18;4.19;4.19;4.20;4.19;4.20;8.09;21;20;21;26
263.0;-7;50.2;0.3;0.01;0.99;4.17;4.18;4.20;4.20;4.20;4.20;4.18;4.19;4.19;4.20;4.19;4.20;8.09;21;20;21;26
264.0;-6;50.2;0.3;0.01;0.99;4.17;4.18;4.20;4.20;4.20;4.20;4.18;4.19;4.19;4.20;4.19;4.20;8.09;21;20;21;26
265.0;-6;50.2;0.3;0.02;0.99;4.17;4.18;4.20;4.20;4.20;4.21;4.18;4.19;4.19;4.20;4.19;4.20;8.09;21;20;21;26
266.0;-6;50.2;0.3;0.02;0.99;4.17;4.18;4.20;4.20;4.20;4.20;4.18;4.19;4.19;4.20;4.19;4.20;8.10;21;20;21;26
267.0;-7;50.2;0.3;0.02;0.99;4.17;4.18;4.20;4.20;4.20;4.20;4.18;4.19;4.19;4.20;4.19;4.20;8.10;21;20;21;26
268.0;-6;50.2;0.3;0.02;0.99;4.17;4.18;4.20;4.20;4.20;4.20;4.18;4.19;4.19;4.20;4.19;4.20;8.10;21;20;21;26
269.0;-6;50.2;0.3;0.02;1.06;4.17;4.18;4.20;4.20;4.20;4.20;4.18;4.19;4.19;4.20;4.19;4.20;8.10;21;20;21;26
270.0;-6;50.2;0.3;0.02;1.06;4.17;4.18;4.20;4.20;4.20;4.21;4.18;4.19;4.19;4.20;4.19;4.20;8.10;21;20;21;26
271.0;-4;50.2;0.3;0.02;1.06;4.17;4.18;4.20;4.20;4.20;4.20;4.18;4.19;4.19;4.20;4.19;4.20;8.10;21;20;21;26
272.0;-2;50.2;0.3;0.02;1.06;4.17;4.18;4.20;4.20;4.20;4.20;4.18;4.19;4.19;4.20;4.19;4.20;8.10;21;20;21;26
273.0;-1;50.2;0.3;0.02;1.06;4.17;4.18;4.20;4.20;4.20;4.21;4.18;4.19;4.19;4.20;4.19;4.20;8.10;21;20;21;26
274.0;-2;50.2;0.3;0.02;1.06;4.17;4.18;4.20;4.20;4.20;4.20;4.18;4.19;4.19;4.20;4.19;4.20;8.10;21;20;21;26
275.0;-8;50.2;0.3;0.02;1.06;4.17;4.18;4.20;4.20;4.20;4.21;4.18;4.19;4.19;4.20;4.19;4.20;8.10;21;20;21;26
276.0;-1;50.2;0.3;0.02;1.06;4.17;4.18;4.20;4.20;4.20;4.21;4.18;4.19;4.19;4.20;4.18;4.20;8.10;21;21;21;26
277.0;-2;50.2;0.3;0.02;1.06;4.17;4.18;4.20;4.20;4.20;4.21;4.18;4.19;4.19;4.20;4.18;4.20;8.11;21;21;21;26
278.0;-1;50.2;0.3;0.02;1.06;4.17;4.18;4.20;4.20;4.20;4.20;4.18;4.19;4.19;4.20;4.19;4.20;8.11;21;21;21;26
279.0;-1;50.2;0.3;0.02;1.06;4.17;4.18;4.20;4.20;4.20;4.21;4.18;4.19;4.19;4.20;4.19;4.20;8.11;21;21;21;26
280.0;-3;50.2;0.3;0.02;1.06;4.17;4.18;4.20;4.20;4.20;4.21;4.18;4.19;4.19;4.20;4.18;4.20;8.11;21;21;21;26
281.0;-1;50.2;0.3;0.02;1.06;4.17;4.18;4.20;4.20;4.20;4.20;4.18;4.19;4.19;4.20;4.19;4.20;8.11;21;21;21;26
282.0;-2;50.2;0.3;0.02;1.13;4.17;4.18;4.20;4.20;4.20;4.20;4.18;4.19;4.19;4.20;4.18;4.20;8.11;21;21;21;26
283.0;-7;50.2;0.3;0.02;1.13;4.17;4.18;4.20;4.20;4.20;4.20;4.18;4.19;4.19;4.20;4.19;4.20;8.11;21;21;21;26
284.0;-6;50.2;0.3;0.02;1.13;4.17;4.18;4.20;4.20;4.20;4.20;4.18;4.19;4.19;4.20;4.19;4.20;8.11;21;21;21;26
285.0;-12;50.2;0.3;0.02;1.13;4.17;4.18;4.20;4.20;4.20;4.20;4.18;4.19;4.19;4.20;4.19;4.20;8.11;21;21;21;26
286.0;-14;50.2;0.3;0.02;1.13;4.17;4.18;4.20;4.20;4.20;4.20;4.18;4.19;4.19;4.20;4.19;4.20;8.11;21;21;21;26
287.0;-18;50.2;0.3;0.02;1.13;4.17;4.18;4.20;4.20;4.20;4.20;4.18;4.19;4.19;4.20;4.19;4.20;8.11;21;21;21;26
288.0;-5;50.2;1.3;0.02;1.13;4.17;4.18;4.20;4.20;4.20;4.20;4.18;4.19;4.19;4.20;4.18;4.20;8.11;21;21;21;26
289.0;-1;50.2;1.3;0.02;1.13;4.17;4.18;4.20;4.20;4.20;4.20;4.18;4.19;4.19;4.20;4.18;4.20;8.09;21;21;21;26
290.0;-1;50.2;0.6;0.02;1.13;4.17;4.18;4.20;4.20;4.20;4.20;4.18;4.19;4.19;4.20;4.19;4.20;8.09;21;21;21;26
291.0;0;50.2;0.5;0.02;1.13;4.17;4.18;4.20;4.20;4.20;4.21;4.18;4.19;4.19;4.20;4.19;4.20;8.09;21;21;21;26
292.0;-1;50.2;0.5;0.02;1.13;4.17;4.18;4.20;4.20;4.20;4.20;4.18;4.19;4.19;4.20;4.19;4.20;8.09;21;21;21;26
293.0;-1;50.2;0.5;0.02;1.13;4.17;4.18;4.20;4.20;4.20;4.20;4.18;4.19;4.18;4.20;4.19;4.20;8.09;21;21;21;27
294.0;0;50.2;0.3;0.02;1.13;4.17;4.18;4.20;4.20;4.20;4.20;4.18;4.19;4.19;4.20;4.19;4.20;8.09;21;21;21;27
295.0;-1;50.2;0.3;0.02;1.22;4.17;4.18;4.20;4.20;4.20;4.20;4.18;4.19;4.19;4.20;4.18;4.20;8.09;21;21;21;27
296.0;0;50.2;0.5;0.02;1.22;4.17;4.18;4.20;4.20;4.20;4.20;4.18;4.19;4.19;4.20;4.18;4.20;8.09;21;21;21;27
297.0;-1;50.2;0.5;0.02;1.22;4.17;4.18;4.20;4.20;4.20;4.20;4.18;4.19;4.18;4.20;4.19;4.20;8.09;21;21;21;27
298.0;0;50.2;0.3;0.02;1.22;4.17;4.18;4.20;4.20;4.20;4.20;4.18;4.19;4.19;4.20;4.18;4.20;8.09;21;21;21;27
299.0;-1;50.2;0.3;0.02;1.22;4.17;4.18;4.20;4.20;4.20;4.21;4.18;4.19;4.19;4.20;4.18;4.20;8.09;21;21;21;27
300.0;-1;50.2;0.3;0.02;1.22;4.17;4.18;4.20;4.20;4.20;4.20;4.18;4.19;4.18;4.20;4.19;4.20;8.10;21;21;21;27
301.0;-1;50.2;0.3;0.02;1.22;4.17;4.18;4.20;4.20;4.20;4.21;4.18;4.19;4.19;4.20;4.18;4.20;8.10;21;21;21;27
302.0;-2;50.2;0.3;0.02;1.22;4.17;4.18;4.20;4.20;4.20;4.21;4.18;4.19;4.19;4.20;4.18;4.20;8.10;21;21;21;27
303.0;-11;50.2;0.3;0.02;1.22;4.17;4.18;4.20;4.20;4.20;4.20;4.18;4.19;4.19;4.20;4.18;4.20;8.10;21;21;21;27
304.0;-8;50.2;0.5;0.02;1.22;4.17;4.18;4.20;4.20;4.19;4.21;4.18;4.19;4.19;4.20;4.18;4.20;8.10;21;21;21;27
305.0;-18;50.2;0.3;0.02;1.22;4.17;4.18;4.20;4.20;4.20;4.20;4.18;4.19;4.19;4.20;4.19;4.20;8.10;21;21;21;27
306.0;-9;50.2;0.3;0.02;1.22;4.17;4.18;4.20;4.20;4.20;4.20;4.18;4.19;4.19;4.20;4.19;4.20;8.10;21;21;21;27
307.0;0;50.2;0.3;0.02;1.22;4.17;4.18;4.20;4.20;4.20;4.21;4.18;4.19;4.19;4.20;4.19;4.20;8.10;21;21;21;27
308.0;-1;50.2;0.3;0.02;1.22;4.17;4.18;4.20;4.20;4.20;4.20;4.18;4.19;4.19;4.20;4.18;4.20;8.10;21;21;21;27
309.0;-1;50.2;0.3;0.02;1.29;4.17;4.18;4.20;4.20;4.20;4.20;4.18;4.19;4.19;4.20;4.18;4.19;8.10;21;21;21;27
310.0;-1;50.2;1.0;0.02;1.29;4.17;4.18;4.20;4.20;4.20;4.20;4.18;4.19;4.19;4.20;4.18;4.20;8.10;21;21;21;27
311.0;-1;50.2;0.8;0.02;1.29;4.17;4.18;4.20;4.20;4.20;4.20;4.18;4.19;4.18;4.20;4.19;4.20;8.10;21;21;21;27
312.0;-1;50.2;0.8;0.02;1.29;4.17;4.18;4.20;4.20;4.20;4.20;4.18;4.19;4.18;4.20;4.19;4.20;8.11;21;21;21;27
313.0;-1;50.2;0.8;0.02;1.29;4.17;4.18;4.20;4.20;4.20;4.20;4.18;4.19;4.19;4.20;4.19;4.20;8.11;21;21;21;27
314.0;-1;50.2;0.5;0.02;1.29;4.17;4.18;4.20;4.20;4.20;4.21;4.18;4.19;4.18;4.20;4.19;4.20;8.11;23;21;21;27
315.0;-1;50.2;0.5;0.02;1.29;4.17;4.18;4.20;4.20;4.20;4.20;4.18;4.19;4.19;4.20;4.19;4.20;8.11;23;21;21;27
316.0;-1;50.2;0.5;0.02;1.29;4.17;4.18;4.20;4.20;4.20;4.20;4.18;4.19;4.19;4.20;4.18;4.20;8.11;23;21;21;27
317.0;-2;50.2;0.5;0.02;1.29;4.17;4.18;4.20;4.20;4.19;4.20;4.18;4.19;4.19;4.20;4.19;4.20;8.11;23;21;21;27
318.0;-1;50.2;0.6;0.02;1.29;4.17;4.18;4.20;4.20;4.20;4.20;4.18;4.19;4.19;4.20;4.19;4.20;8.11;23;21;21;27
319.0;-1;50.2;0.6;0.02;1.29;4.17;4.18;4.20;4.20;4.20;4.20;4.18;4.19;4.19;4.20;4.18;4.20;8.11;23;21;21;27
320.0;-1;50.2;0.5;0.02;1.29;4.17;4.18;4.20;4.20;4.20;4.20;4.18;4.19;4.19;4.20;4.18;4.20;8.11;23;21;21;27
321.0;-1;50.2;0.3;0.02;1.29;4.17;4.18;4.20;4.20;4.20;4.20;4.18;4.19;4.18;4.20;4.19;4.20;8.11;23;21;21;27
322.0;-1;50.2;0.3;0.02;1.41;4.17;4.18;4.20;4.20;4.20;4.21;4.18;4.19;4.19;4.20;4.18;4.20;8.11;23;21;21;27
323.0;-1;50.2;0.3;0.02;1.41;4.17;4.18;4.20;4.20;4.20;4.20;4.18;4.19;4.19;4.20;4.18;4.20;8.11;23;21;21;27
324.0;-1;50.2;0.3;0.02;1.41;4.17;4.18;4.20;4.20;4.20;4.20;4.18;4.19;4.19;4.20;4.19;4.20;8.11;23;21;21;27
325.0;-1;50.1;0.5;0.02;1.41;4.17;4.18;4.20;4.20;4.19;4.21;4.18;4.19;4.19;4.20;4.18;4.20;8.11;23;21;21;27
326.0;-1;50.1;0.5;0.02;1.41;4.16;4.17;4.19;4.20;4.20;4.20;4.17;4.18;4.18;4.19;4.17;4.18;8.11;23;21;21;27
327.0;-5;50.0;7.6;0.02;1.41;4.15;4.16;4.19;4.19;4.19;4.20;4.17;4.18;4.17;4.18;4.17;4.18;8.11;23;21;21;27
328.0;-16;50.0;6.3;0.02;1.41;4.16;4.17;4.19;4.19;4.19;4.19;4.17;4.18;4.17;4.19;4.17;4.18;8.11;23;21;21;27
329.0;-32;50.0;6.3;0.02;1.41;4.16;4.17;4.19;4.19;4.19;4.19;4.17;4.18;4.17;4.18;4.18;4.18;8.11;23;21;21;27
330.0;-15;50.0;9.1;0.02;1.41;4.16;4.17;4.19;4.19;4.19;4.20;4.17;4.18;4.18;4.19;4.18;4.19;8.11;23;21;21;27
331.0;-13;49.9;8.8;0.02;1.41;4.14;4.15;4.17;4.18;4.18;4.19;4.15;4.17;4.16;4.17;4.17;4.18;8.11;23;21;21;27
332.0;-22;49.9;8.8;0.04;1.41;4.15;4.16;4.18;4.18;4.17;4.18;4.16;4.17;4.17;4.18;4.16;4.18;8.11;23;21;21;27
333.0;-24;50.0;0.5;0.04;1.41;4.16;4.17;4.19;4.19;4.19;4.20;4.17;4.18;4.18;4.19;4.17;4.19;8.11;23;21;21;27
334.0;-24;50.0;0.5;0.04;1.41;4.15;4.16;4.18;4.19;4.18;4.19;4.16;4.17;4.17;4.18;4.17;4.18;8.10;23;21;21;27
335.0;-17;50.0;3.7;0.04;2.33;4.15;4.16;4.18;4.19;4.18;4.19;4.16;4.17;4.17;4.18;4.17;4.18;8.10;23;21;21;27
336.0;-6;50.0;3.7;0.04;2.33;4.15;4.16;4.19;4.19;4.18;4.19;4.16;4.18;4.17;4.18;4.17;4.18;8.10;24;20;21;28
337.0;-8;49.9;4.0;0.04;2.33;4.14;4.15;4.18;4.18;4.17;4.18;4.15;4.17;4.16;4.17;4.16;4.17;8.10;24;20;21;28
338.0;-16;49.9;1.9;0.04;2.33;4.15;4.16;4.18;4.18;4.18;4.18;4.16;4.17;4.16;4.18;4.16;4.17;8.10;23;20;21;28
339.0;-15;49.9;1.9;0.04;2.33;4.13;4.14;4.16;4.17;4.18;4.19;4.17;4.18;4.17;4.19;4.17;4.19;8.10;23;20;21;28
340.0;-26;49.8;2.3;0.04;2.33;4.15;4.16;4.18;4.19;4.16;4.16;4.16;4.17;4.17;4.18;4.14;4.15;8.10;23;20;21;28
341.0;-22;49.9;27.8;0.04;2.33;4.15;4.16;4.18;4.19;4.18;4.18;4.16;4.17;4.17;4.18;4.16;4.18;8.10;23;20;21;28
342.0;-17;49.9;27.8;0.04;2.33;4.15;4.16;4.18;4.18;4.18;4.19;4.16;4.17;4.17;4.18;4.17;4.18;8.10;23;19;21;28
343.0;-21;50.0;0.8;0.04;2.33;4.15;4.17;4.19;4.19;4.18;4.19;4.17;4.18;4.17;4.19;4.17;4.18;8.10;23;19;21;28
344.0;-22;50.0;0.8;0.04;2.33;4.16;4.17;4.19;4.19;4.18;4.19;4.17;4.18;4.17;4.19;4.17;4.18;8.10;23;19;21;28
345.0;-20;50.0;0.7;0.06;2.33;4.16;4.17;4.19;4.19;4.19;4.19;4.17;4.18;4.17;4.19;4.18;4.18;8.10;23;19;21;28
346.0;-23;50.0;0.7;0.06;2.33;4.16;4.17;4.19;4.19;4.19;4.19;4.17;4.18;4.18;4.19;4.18;4.19;8.07;23;19;21;28
347.0;-26;50.0;0.8;0.06;2.33;4.16;4.17;4.19;4.19;4.19;4.19;4.17;4.18;4.18;4.19;4.17;4.19;8.07;23;19;21;28
348.0;-24;49.7;17.5;0.06;2.33;4.13;4.14;4.16;4.17;4.19;4.19;4.17;4.18;4.18;4.19;4.18;4.19;8.07;23;19;21;28
349.0;-21;49.7;17.5;0.06;3.40;4.13;4.14;4.17;4.17;4.16;4.17;4.15;4.16;4.15;4.16;4.15;4.16;8.07;23;19;21;28
350.0;-30;49.7;15.3;0.06;3.40;4.12;4.13;4.15;4.15;4.14;4.15;4.13;4.14;4.13;4.14;4.13;4.14;8.07;23;19;21;28
351.0;-40;49.3;27.9;0.06;3.40;4.11;4.12;4.14;4.14;4.13;4.14;4.12;4.13;4.12;4.13;4.11;4.13;8.07;23;19;21;28
352.0;-44;49.3;27.9;0.06;3.40;4.10;4.11;4.13;4.13;4.13;4.13;4.11;4.12;4.11;4.12;4.10;4.12;8.07;23;19;21;28
353.0;-42;49.0;37.2;0.06;3.40;4.08;4.09;4.11;4.11;4.10;4.12;4.08;4.10;4.09;4.10;4.08;4.10;8.07;23;19;21;28
354.0;-35;49.0;37.2;0.06;3.40;4.06;4.08;4.10;4.10;4.08;4.10;4.07;4.09;4.08;4.08;4.06;4.08;8.07;23;19;21;28
355.0;-32;48.8;37.4;0.06;3.40;4.06;4.08;4.10;4.10;4.09;4.10;4.07;4.09;4.08;4.08;4.06;4.08;8.07;23;19;21;28
356.0;-39;48.8;37.4;0.06;3.40;4.06;4.07;4.09;4.09;4.09;4.09;4.07;4.09;4.07;4.08;4.06;4.08;8.07;26;19;21;29
357.0;-38;48.8;35.8;0.06;3.40;4.06;4.07;4.09;4.09;4.09;4.10;4.07;4.09;4.07;4.08;4.06;4.08;8.10;26;19;21;29
358.0;-36;48.4;48.8;0.06;3.40;4.04;4.05;4.07;4.07;4.06;4.07;4.04;4.06;4.05;4.06;4.03;4.05;8.10;26;19;21;29
359.0;-37;48.4;48.8;0.16;3.40;4.04;4.05;4.07;4.07;4.06;4.07;4.04;4.06;4.05;4.06;4.04;4.05;8.10;26;18;21;29
360.0;-54;48.5;33.2;0.16;3.40;4.05;4.06;4.08;4.08;4.07;4.08;4.05;4.07;4.06;4.07;4.05;4.06;8.10;26;18;21;29
361.0;-44;49.0;17.0;0.16;3.40;4.08;4.09;4.11;4.11;4.10;4.11;4.08;4.10;4.09;4.10;4.08;4.10;8.10;26;18;21;29
362.0;-41;49.0;17.0;0.16;9.26;4.08;4.10;4.12;4.12;4.11;4.11;4.10;4.11;4.10;4.11;4.10;4.11;8.10;26;18;21;29
363.0;-33;49.1;15.0;0.16;9.26;4.09;4.10;4.12;4.12;4.12;4.12;4.10;4.11;4.10;4.11;4.10;4.11;8.10;26;18;21;29
364.0;-30;49.2;12.4;0.16;9.26;4.09;4.10;4.13;4.12;4.12;4.12;4.10;4.11;4.11;4.12;4.10;4.11;8.10;26;18;21;29
365.0;-23;49.2;12.0;0.16;9.26;4.09;4.11;4.13;4.13;4.12;4.13;4.11;4.12;4.11;4.12;4.11;4.12;8.10;26;18;21;29
366.0;-23;49.2;12.0;0.16;9.26;4.08;4.09;4.11;4.11;4.12;4.13;4.11;4.12;4.11;4.13;4.11;4.12;8.10;26;18;21;29
367.0;-34;49.1;23.1;0.16;9.26;4.08;4.09;4.12;4.12;4.10;4.11;4.09;4.11;4.10;4.11;4.08;4.09;8.10;26;18;21;29
368.0;-47;49.0;20.7;0.16;9.26;4.08;4.09;4.11;4.11;4.11;4.12;4.09;4.10;4.10;4.10;4.09;4.11;8.10;26;18;21;29
369.0;-45;49.0;20.7;0.16;9.26;4.08;4.09;4.11;4.11;4.11;4.12;4.09;4.10;4.10;4.10;4.09;4.10;8.11;26;18;21;29
370.0;-37;49.0;20.3;0.16;9.26;4.08;4.09;4.11;4.11;4.10;4.11;4.09;4.10;4.09;4.10;4.09;4.10;8.11;26;18;21;29
371.0;-38;49.1;16.9;0.16;9.26;4.08;4.09;4.11;4.11;4.10;4.11;4.09;4.11;4.10;4.11;4.09;4.10;8.11;26;18;21;29
372.0;-47;49.1;16.9;0.23;9.26;4.07;4.09;4.11;4.11;4.10;4.11;4.08;4.10;4.09;4.10;4.09;4.09;8.11;26;18;21;29
373.0;-34;49.0;21.3;0.23;9.26;4.07;4.08;4.11;4.11;4.10;4.11;4.08;4.10;4.09;4.10;4.08;4.09;8.11;26;18;21;29
374.0;-35;49.0;21.3;0.23;9.26;4.07;4.08;4.10;4.10;4.10;4.10;4.08;4.10;4.08;4.10;4.08;4.09;8.11;26;18;21;29
375.0;-33;48.9;22.1;0.23;12.71;4.07;4.08;4.10;4.10;4.10;4.10;4.08;4.10;4.08;4.10;4.07;4.09;8.11;26;18;21;29
376.0;-43;48.9;22.1;0.23;12.71;4.07;4.08;4.10;4.11;4.09;4.10;4.08;4.10;4.09;4.10;4.08;4.09;8.11;26;18;21;29
377.0;-41;49.0;18.0;0.23;12.71;4.07;4.09;4.11;4.11;4.10;4.11;4.08;4.10;4.09;4.10;4.08;4.10;8.11;26;18;21;29
378.0;-35;49.0;17.3;0.23;12.71;4.07;4.08;4.11;4.11;4.10;4.11;4.08;4.10;4.09;4.10;4.09;4.09;8.11;28;17;21;32
379.0;-44;49.0;17.3;0.23;12.71;4.07;4.08;4.11;4.11;4.10;4.11;4.08;4.10;4.09;4.10;4.08;4.09;8.11;28;17;21;32
380.0;-26;48.9;17.9;0.23;12.71;4.07;4.08;4.11;4.10;4.10;4.10;4.08;4.10;4.09;4.10;4.08;4.09;8.10;28;17;21;32
381.0;-25;48.9;17.4;0.23;12.71;4.07;4.08;4.11;4.10;4.10;4.10;4.08;4.10;4.09;4.10;4.08;4.09;8.10;28;17;21;32
382.0;-31;48.9;17.4;0.23;12.71;4.07;4.08;4.11;4.10;4.10;4.10;4.08;4.10;4.09;4.10;4.08;4.09;8.10;28;17;21;32
383.0;-30;48.9;18.7;0.23;12.71;4.07;4.08;4.10;4.10;4.10;4.10;4.08;4.10;4.09;4.10;4.08;4.09;8.10;28;17;21;32
384.0;-45;48.9;3.0;0.23;12.71;4.06;4.08;4.10;4.10;4.10;4.10;4.08;4.09;4.08;4.09;4.08;4.09;8.10;28;17;21;33
385.0;-58;49.0;35.9;0.23;12.71;4.04;4.05;4.07;4.08;4.09;4.09;4.08;4.09;4.08;4.09;4.08;4.09;8.10;28;17;21;33
386.0;-44;48.4;37.2;0.23;12.71;4.04;4.05;4.07;4.08;4.05;4.06;4.08;4.09;4.08;4.09;4.04;4.04;8.10;28;17;21;33
387.0;-44;48.4;37.2;0.23;12.71;4.03;4.04;4.06;4.06;4.05;4.06;4.03;4.05;4.04;4.04;4.03;4.04;8.10;28;17;21;33
388.0;-47;48.2;40.9;0.23;12.71;4.02;4.03;4.05;4.05;4.04;4.05;4.03;4.04;4.03;4.04;4.02;4.03;8.10;28;17;21;33
389.0;-38;48.2;40.9;0.23;17.01;4.01;4.02;4.04;4.05;4.04;4.04;4.02;4.04;4.02;4.03;4.01;4.02;8.10;28;17;21;33
390.0;-39;48.1;40.6;0.23;17.01;4.01;4.02;4.04;4.05;4.04;4.04;4.02;4.04;4.02;4.03;4.01;4.02;8.10;28;17;21;33
391.0;-42;48.2;29.1;0.23;17.01;4.01;4.02;4.04;4.05;4.04;4.04;4.02;4.04;4.02;4.03;4.02;4.02;8.10;28;17;21;33
392.0;-43;48.2;29.1;0.23;17.01;4.07;4.08;4.11;4.10;4.04;4.04;4.08;4.10;4.09;4.10;4.02;4.02;8.11;28;17;21;33
393.0;-44;49.0;0.5;0.23;17.01;4.08;4.09;4.11;4.11;4.10;4.10;4.09;4.10;4.10;4.11;4.10;4.10;8.11;28;17;21;33
394.0;-38;49.1;0.5;0.23;17.01;4.08;4.09;4.12;4.11;4.11;4.11;4.09;4.10;4.10;4.11;4.10;4.10;8.11;28;17;21;33
395.0;-51;49.2;0.5;0.23;17.01;4.08;4.10;4.12;4.12;4.12;4.11;4.10;4.11;4.10;4.12;4.11;4.11;8.11;28;17;21;33
396.0;-44;49.2;0.5;0.23;17.01;4.09;4.10;4.12;4.12;4.12;4.12;4.10;4.11;4.11;4.12;4.11;4.11;8.11;28;17;21;33
397.0;-39;49.2;0.5;0.23;17.01;4.09;4.10;4.13;4.12;4.12;4.12;4.10;4.11;4.11;4.12;4.11;4.11;8.11;28;17;21;33
398.0;-40;49.3;0.5;0.23;17.01;4.09;4.10;4.13;4.12;4.13;4.12;4.11;4.11;4.11;4.12;4.11;4.12;8.11;28;17;21;33
399.0;-37;49.3;0.5;0.37;17.01;4.09;4.11;4.13;4.13;4.13;4.12;4.11;4.12;4.11;4.12;4.11;4.12;8.11;28;17;21;33
400.0;-30;49.3;3.2;0.37;17.01;4.09;4.10;4.12;4.12;4.12;4.12;4.10;4.11;4.11;4.12;4.10;4.11;8.11;29;17;21;35
401.0;-17;49.0;20.2;0.37;17.01;4.08;4.09;4.11;4.11;4.11;4.11;4.09;4.11;4.10;4.11;4.10;4.10;8.11;29;17;21;35
402.0;-28;49.0;20.2;0.37;18.94;4.05;4.07;4.09;4.09;4.08;4.08;4.06;4.08;4.07;4.08;4.06;4.07;8.11;29;17;21;35
403.0;-36;48.7;24.3;0.37;18.94;4.05;4.06;4.08;4.09;4.08;4.08;4.06;4.08;4.07;4.07;4.06;4.07;8.09;29;17;21;35
404.0;-30;48.7;24.3;0.37;18.94;4.05;4.06;4.08;4.08;4.07;4.07;4.06;4.07;4.06;4.07;4.06;4.06;8.09;29;17;21;35
405.0;-43;48.7;21.2;0.37;18.94;4.05;4.06;4.08;4.08;4.07;4.08;4.06;4.07;4.06;4.07;4.06;4.06;8.09;29;17;21;35
406.0;-39;48.8;11.3;0.37;18.94;4.06;4.07;4.09;4.09;4.07;4.07;4.07;4.08;4.08;4.08;4.05;4.06;8.09;29;17;21;35
407.0;-39;48.8;11.3;0.37;18.94;4.06;4.07;4.09;4.09;4.09;4.08;4.07;4.08;4.07;4.08;4.07;4.07;8.09;29;17;21;35
408.0;-36;48.8;17.6;0.37;18.94;4.05;4.06;4.09;4.08;4.07;4.09;4.06;4.08;4.07;4.08;4.06;4.07;8.09;29;17;21;35
409.0;-34;48.8;17.6;0.37;18.94;4.04;4.05;4.07;4.07;4.06;4.06;4.05;4.06;4.05;4.06;4.04;4.05;8.09;29;17;21;35
410.0;-38;48.4;29.5;0.37;18.94;4.03;4.04;4.06;4.06;4.06;4.05;4.04;4.05;4.04;4.05;4.04;4.04;8.09;29;17;21;35
411.0;-41;48.8;11.3;0.37;18.94;4.05;4.07;4.09;4.08;4.08;4.08;4.06;4.08;4.07;4.08;4.07;4.07;8.09;29;17;21;35
412.0;-39;48.8;11.3;0.43;18.94;4.07;4.08;4.10;4.10;4.09;4.08;4.08;4.09;4.08;4.09;4.08;4.09;8.09;29;17;21;35
413.0;-40;49.0;0.5;0.43;18.94;4.07;4.09;4.11;4.11;4.11;4.11;4.09;4.10;4.09;4.11;4.10;4.10;8.09;29;17;21;35
414.0;-37;49.1;0.5;0.43;18.94;4.08;4.09;4.11;4.11;4.11;4.10;4.09;4.10;4.10;4.11;4.10;4.10;8.11;29;17;21;35
415.0;-33;49.1;0.5;0.43;21.61;4.08;4.09;4.12;4.11;4.11;4.10;4.09;4.11;4.10;4.11;4.10;4.10;8.11;29;17;21;35
416.0;-29;49.1;0.5;0.43;21.61;4.08;4.09;4.12;4.11;4.11;4.12;4.10;4.11;4.10;4.11;4.10;4.11;8.11;29;17;21;35
417.0;-9;49.1;0.5;0.43;21.61;4.08;4.10;4.12;4.12;4.11;4.12;4.10;4.11;4.10;4.11;4.11;4.11;8.11;29;17;21;35
418.0;-33;49.2;3.0;0.43;21.61;4.08;4.10;4.12;4.11;4.12;4.11;4.10;4.11;4.10;4.11;4.11;4.11;8.11;29;17;21;35
419.0;-25;49.2;3.0;0.43;21.61;4.06;4.07;4.10;4.09;4.07;4.08;4.06;4.07;4.06;4.07;4.05;4.06;8.11;29;17;21;35
420.0;-27;48.6;14.4;0.43;21.61;4.03;4.04;4.06;4.06;4.09;4.09;4.04;4.06;4.04;4.05;4.08;4.08;8.11;29;17;21;35
421.0;-24;48.2;20.0;0.43;21.61;3.99;4.01;4.03;4.03;4.06;4.06;4.00;4.02;4.00;4.01;3.99;4.00;8.11;30;17;21;37
422.0;-27;48.2;20.0;0.43;21.61;4.01;4.03;4.04;4.05;4.04;4.04;4.02;4.04;4.03;4.04;4.02;4.03;8.11;30;17;21;37
423.0;-30;47.9;48.4;0.43;21.61;3.98;3.99;4.01;4.01;4.00;4.00;3.98;4.00;3.99;3.99;3.97;3.98;8.11;30;17;21;37
424.0;-35;47.9;39.9;0.43;21.61;3.99;4.00;4.02;4.02;4.05;4.05;4.03;4.05;4.04;4.05;4.03;4.04;8.11;30;17;21;37
425.0;-31;47.9;18.6;0.50;21.61;3.99;4.00;4.02;4.02;4.02;4.01;4.00;4.02;4.00;4.01;3.99;4.00;8.11;30;17;21;37
426.0;-36;47.5;76.6;0.50;21.61;3.99;4.00;4.02;4.02;4.02;4.01;4.00;4.02;4.00;4.01;3.99;4.00;8.04;30;17;21;37
427.0;-26;47.5;76.6;0.50;21.61;4.00;4.01;4.03;4.03;3.96;3.96;3.94;3.97;3.95;3.95;3.92;3.94;8.04;30;17;21;37
428.0;-30;47.7;44.4;0.50;26.88;3.95;3.97;3.98;3.98;4.03;4.02;4.01;4.02;4.01;4.02;4.01;4.01;8.04;30;17;21;37
429.0;-25;47.7;44.4;0.50;26.88;3.93;3.94;3.95;3.96;3.98;3.98;3.93;3.95;3.93;3.94;3.91;3.92;8.04;30;17;21;37
430.0;-24;47.3;36.5;0.50;26.88;3.99;4.00;4.02;4.01;4.01;4.01;3.99;4.01;4.00;4.01;3.99;4.00;8.04;30;17;21;37
431.0;-33;47.3;49.9;0.50;26.88;3.95;3.96;3.98;3.98;3.97;3.97;3.95;3.98;3.96;3.96;3.95;3.95;8.04;30;17;21;37
432.0;-41;47.3;49.9;0.50;26.88;3.97;3.99;4.01;4.00;3.97;3.97;3.95;3.97;3.96;3.97;3.94;3.95;8.04;30;17;21;37
433.0;-49;47.7;29.9;0.50;26.88;3.98;4.00;4.01;4.01;4.00;4.00;3.98;4.00;3.99;3.99;3.98;3.98;8.04;30;17;21;37
434.0;-48;47.9;26.5;0.50;26.88;3.99;4.00;4.02;4.01;4.01;4.01;3.99;4.01;4.00;4.01;3.99;3.99;8.04;30;17;21;37
435.0;-54;47.9;27.5;0.50;26.88;3.99;4.00;4.01;4.02;4.01;4.00;3.99;4.01;4.00;4.00;3.99;4.00;8.04;30;17;21;37
436.0;-43;47.2;53.8;0.50;26.88;3.94;3.96;3.97;3.97;3.96;3.96;3.95;3.97;3.95;3.96;3.94;3.94;8.04;30;17;21;37
437.0;-36;47.2;53.8;0.50;26.88;3.94;3.96;3.97;3.97;3.96;3.96;3.95;3.97;3.95;3.96;3.94;3.94;8.04;30;17;21;37
438.0;-41;47.2;16.3;0.67;26.88;3.98;3.99;4.01;4.01;3.96;3.96;3.99;4.00;3.99;4.00;3.99;3.99;8.04;30;17;21;37
439.0;-37;47.2;16.3;0.67;26.88;3.94;3.96;3.97;3.97;3.96;3.96;3.95;3.97;3.95;3.96;3.94;3.94;8.04;30;17;21;37
440.0;-36;47.2;57.7;0.67;26.88;3.92;3.93;3.95;3.95;3.94;3.94;3.92;3.94;3.93;3.93;3.91;3.91;8.04;30;17;21;37
441.0;-55;47.6;18.8;0.67;26.88;3.98;3.99;4.01;4.01;3.97;3.97;3.95;3.97;3.96;3.96;3.95;3.95;8.04;30;17;21;37
442.0;-45;47.6;18.8;0.67;34.19;3.98;4.00;4.02;4.01;4.01;4.00;4.00;4.01;4.00;4.01;4.00;4.00;8.04;34;17;21;40
443.0;-40;47.9;17.1;0.67;34.19;4.01;4.02;4.04;4.04;4.03;4.03;4.02;4.03;4.02;4.03;4.03;4.03;8.04;34;17;21;40
444.0;-39;48.3;6.6;0.67;34.19;4.01;4.02;4.04;4.04;4.04;4.04;4.02;4.03;4.03;4.04;4.03;4.03;8.04;34;17;21;40
445.0;-40;48.3;6.8;0.67;34.19;4.01;4.03;4.05;4.04;4.04;4.04;4.03;4.04;4.03;4.04;4.03;4.03;8.04;34;17;21;40
446.0;-46;48.4;6.9;0.67;34.19;4.02;4.03;4.05;4.05;4.04;4.04;4.03;4.04;4.04;4.04;4.04;4.04;8.04;34;17;21;40
447.0;-48;48.4;6.9;0.67;34.19;4.02;4.03;4.05;4.05;4.05;4.04;4.03;4.04;4.04;4.05;4.04;4.04;8.04;34;17;21;40
448.0;-53;48.4;7.0;0.67;34.19;4.02;4.03;4.05;4.05;4.05;4.04;4.03;4.04;4.04;4.05;4.04;4.04;8.04;34;17;21;40
449.0;-48;48.4;7.0;0.67;34.19;4.02;4.03;4.05;4.05;4.05;4.04;4.03;4.04;4.04;4.05;4.04;4.03;8.11;34;17;21;40
450.0;-45;48.4;7.0;0.67;34.19;4.02;4.03;4.05;4.05;4.05;4.04;4.03;4.04;4.04;4.05;4.04;4.04;8.11;34;17;21;40
451.0;-45;48.3;9.8;0.67;34.19;4.02;4.03;4.05;4.05;4.04;4.04;4.03;4.04;4.04;4.05;4.04;4.04;8.11;34;17;21;40
452.0;-36;48.3;9.8;0.73;34.19;4.02;4.03;4.05;4.05;4.05;4.04;4.03;4.04;4.04;4.05;4.04;4.04;8.11;34;17;21;40
453.0;-42;48.4;9.7;0.73;34.19;4.02;4.03;4.05;4.05;4.05;4.04;4.03;4.04;4.04;4.05;4.04;4.04;8.11;34;17;21;40
454.0;-44;48.4;9.5;0.73;34.19;4.02;4.03;4.05;4.05;4.05;4.04;4.03;4.05;4.04;4.05;4.04;4.04;8.11;34;17;21;40
455.0;-43;48.4;9.4;0.73;35.88;4.02;4.03;4.05;4.05;4.05;4.04;4.03;4.05;4.04;4.05;4.04;4.04;8.11;34;17;21;40
456.0;-44;48.3;13.4;0.73;35.88;4.01;4.03;4.04;4.04;4.04;4.04;4.03;4.04;4.03;4.04;4.03;4.04;8.11;34;17;21;40
457.0;-38;48.3;13.4;0.73;35.88;4.01;4.03;4.04;4.04;4.04;4.03;4.03;4.04;4.03;4.04;4.03;4.03;8.11;34;17;21;40
458.0;-42;48.3;13.3;0.73;35.88;4.01;4.02;4.05;4.04;4.04;4.03;4.03;4.04;4.03;4.04;4.03;4.03;8.11;34;17;21;40
459.0;-38;48.3;13.3;0.73;35.88;4.01;4.02;4.05;4.04;4.04;4.04;4.03;4.04;4.03;4.04;4.03;4.03;8.11;34;17;21;40
460.0;-49;48.2;12.2;0.73;35.88;4.01;4.02;4.05;4.04;4.04;4.03;4.03;4.04;4.03;4.04;4.03;4.03;8.11;34;17;21;40
461.0;-38;48.2;12.5;0.73;35.88;4.01;4.02;4.05;4.04;4.04;4.03;4.03;4.04;4.03;4.04;4.03;4.03;8.11;34;17;21;40
462.0;-54;48.2;12.5;0.73;35.88;4.01;4.02;4.04;4.04;4.03;4.04;4.02;4.04;4.03;4.04;4.03;4.03;8.11;34;17;21;43
463.0;-56;48.2;13.0;0.73;35.88;4.01;4.02;4.04;4.04;4.03;4.04;4.02;4.03;4.03;4.04;4.03;4.02;8.11;34;17;21;43
464.0;-54;48.2;16.1;0.73;35.88;4.00;4.01;4.04;4.04;4.03;4.04;4.02;4.03;4.02;4.03;4.02;4.03;8.11;34;17;21;43
465.0;-56;48.1;19.5;0.73;35.88;4.00;4.01;4.04;4.04;4.04;4.03;4.02;4.03;4.02;4.03;3.99;3.99;8.11;34;17;21;43
466.0;-48;47.7;34.2;0.73;35.88;3.96;3.98;4.00;4.00;4.00;3.99;3.98;4.00;3.99;3.99;3.98;3.98;8.11;34;17;21;43
467.0;-44;47.7;34.2;0.73;35.88;3.96;3.97;4.00;4.00;3.99;3.99;3.98;3.99;3.98;3.99;3.97;3.97;8.11;34;17;21;43
468.0;-43;47.6;28.2;0.73;39.11;3.95;3.97;4.00;4.00;3.99;3.98;3.97;3.99;3.98;3.99;3.97;3.97;8.11;34;17;21;43
469.0;-41;47.6;28.2;0.73;39.11;3.97;3.99;4.02;4.01;4.00;3.99;4.00;4.01;4.00;4.01;3.98;3.99;8.11;34;17;21;43
470.0;-37;47.9;17.5;0.73;39.11;3.97;3.99;4.02;4.02;4.02;4.00;4.00;4.01;4.00;4.01;4.00;4.00;8.11;34;17;21;43
471.0;-38;48.2;0.5;0.73;39.11;3.97;3.99;4.02;4.02;4.01;4.01;4.00;4.01;4.00;4.01;4.00;4.00;8.11;34;17;21;43
472.0;-41;48.2;0.5;0.73;39.11;4.01;4.02;4.05;4.05;4.05;4.04;4.03;4.04;4.04;4.05;4.04;4.04;8.11;34;17;21;43
473.0;-35;48.4;0.8;0.73;39.11;4.01;4.02;4.06;4.05;4.05;4.04;4.04;4.04;4.04;4.05;4.04;4.04;8.11;34;17;21;43
474.0;-32;48.4;0.8;0.73;39.11;4.01;4.03;4.06;4.05;4.05;4.05;4.04;4.05;4.04;4.05;4.04;4.04;8.11;34;17;21;43
475.0;-41;48.4;1.0;0.73;39.11;4.01;4.03;4.06;4.05;4.06;4.05;4.04;4.05;4.04;4.05;4.04;4.05;8.11;34;17;21;43
476.0;-39;48.4;1.0;0.73;39.11;4.01;4.03;4.06;4.06;4.06;4.05;4.04;4.05;4.04;4.06;4.04;4.05;8.11;34;17;21;43
477.0;-42;48.4;1.0;0.73;39.11;4.01;4.03;4.06;4.06;4.06;4.05;4.04;4.05;4.05;4.05;4.05;4.05;8.11;34;17;21;43
478.0;-50;48.4;4.8;0.82;39.11;4.01;4.02;4.06;4.05;4.06;4.05;4.03;4.04;4.04;4.05;4.04;4.05;8.11;34;17;21;43
479.0;-43;48.3;7.4;0.82;39.11;4.01;4.02;4.05;4.05;4.05;4.05;4.03;4.04;4.04;4.05;4.04;4.04;8.11;34;17;21;43
480.0;-33;48.3;7.4;0.82;39.11;4.00;4.01;4.05;4.04;4.04;4.04;4.03;4.04;4.03;4.04;4.03;4.03;8.11;34;17;21;43
481.0;-32;48.2;12.3;0.82;39.11;3.99;4.01;4.04;4.04;4.03;4.03;4.02;4.03;4.02;4.03;4.02;4.03;8.11;34;17;21;43
482.0;-26;48.2;12.3;0.82;40.17;3.99;4.01;4.04;4.04;4.04;4.03;4.02;4.03;4.02;4.03;4.02;4.02;8.11;34;17;21;43
483.0;-29;48.2;12.3;0.82;40.17;3.99;4.01;4.04;4.04;4.04;4.03;4.02;4.03;4.02;4.03;4.02;4.02;8.11;33;17;21;44
484.0;-33;48.1;15.6;0.82;40.17;3.98;4.00;4.03;4.03;4.03;4.03;4.02;4.03;4.02;4.03;4.02;4.03;8.11;33;17;21;44
485.0;-10;48.0;38.1;0.82;40.17;3.98;4.00;4.03;4.03;4.03;4.02;4.01;4.02;4.01;4.02;4.01;4.01;8.07;33;17;21;44
486.0;-50;46.8;70.0;0.82;40.17;3.88;3.90;3.94;3.94;3.98;3.98;3.91;3.93;3.91;3.92;3.96;3.96;8.07;33;17;21;44
487.0;-30;46.8;70.0;0.82;40.17;3.87;3.89;3.92;3.92;3.92;3.93;3.89;3.91;3.89;3.90;3.87;3.88;8.07;33;17;21;44
488.0;-44;46.5;31.5;0.82;40.17;3.87;3.88;3.92;3.92;3.91;3.91;3.89;3.91;3.89;3.90;3.87;3.87;8.07;33;17;21;44
489.0;-49;46.5;31.5;0.82;40.17;3.90;3.92;3.95;3.95;3.95;3.94;3.92;3.94;3.93;3.94;3.91;3.92;8.07;33;17;21;44
490.0;-56;47.0;16.8;0.82;40.17;3.93;3.95;3.98;3.98;3.98;3.97;3.95;3.97;3.96;3.97;3.95;3.96;8.07;33;17;21;44
491.0;-38;47.4;18.9;0.82;40.17;3.94;3.95;3.99;3.99;3.98;3.97;3.95;3.97;3.96;3.97;3.96;3.96;8.07;33;17;21;44
492.0;-36;47.4;18.9;0.92;40.17;3.94;3.95;3.99;3.98;3.98;3.98;3.96;3.98;3.97;3.98;3.96;3.97;8.07;33;17;21;44
493.0;-32;47.6;7.2;0.92;40.17;3.96;3.97;4.01;4.00;4.01;4.00;3.98;3.99;3.99;3.99;3.99;3.99;8.07;33;17;21;44
494.0;-35;47.8;7.1;0.92;40.17;3.96;3.98;4.01;4.01;4.01;4.00;3.98;4.00;3.99;4.00;3.99;3.99;8.07;33;17;21;44
495.0;-46;47.8;7.0;0.92;45.08;3.96;3.98;4.02;4.01;4.01;4.01;3.99;4.00;3.99;4.00;3.99;3.99;8.07;33;17;21;44
496.0;-45;47.9;6.8;0.92;45.08;3.97;3.98;4.02;4.01;4.02;4.01;3.99;4.00;3.99;4.00;3.99;4.00;8.07;33;17;21;44
497.0;-32;47.9;6.8;0.92;45.08;3.97;3.98;4.02;4.01;4.02;4.01;3.99;4.00;3.99;4.01;4.00;4.00;8.11;33;17;21;44
498.0;-38;47.9;6.6;0.92;45.08;3.97;3.98;4.02;4.01;4.02;4.01;3.99;4.00;4.00;4.01;4.00;4.00;8.11;33;17;21;44
499.0;-37;47.9;6.6;0.92;45.08;3.97;3.98;4.02;4.01;4.02;4.01;3.99;4.00;4.00;4.01;4.00;4.00;8.11;33;17;21;44
500.0;-38;47.9;6.8;0.92;45.08;3.97;3.99;4.02;4.02;4.02;4.01;4.00;4.01;4.00;4.01;4.00;4.00;8.11;33;17;21;44
501.0;-37;47.9;4.3;0.92;45.08;3.97;3.99;4.02;4.02;4.02;4.02;4.00;4.01;4.00;4.01;4.01;4.01;8.11;33;17;21;44
502.0;-48;47.9;4.3;0.92;45.08;3.97;3.99;4.02;4.02;4.03;4.02;4.00;4.01;4.00;4.02;4.00;4.01;8.11;33;17;21;44
503.0;-53;48.0;4.4;0.92;45.08;3.97;3.99;4.02;4.02;4.03;4.02;4.00;4.01;4.00;4.01;4.01;4.01;8.11;33;17;21;44
504.0;-35;48.1;0.5;0.92;45.08;3.98;4.00;4.03;4.03;4.02;4.02;4.00;4.01;4.00;4.02;4.00;4.01;8.11;33;17;21;44
505.0;-32;48.1;0.5;0.94;45.08;3.98;4.00;4.03;4.03;4.03;4.03;4.01;4.02;4.01;4.02;4.01;4.02;8.11;33;17;21;44
506.0;-30;48.1;0.5;0.94;45.08;3.98;4.00;4.03;4.03;4.03;4.03;4.01;4.02;4.01;4.02;4.01;4.02;8.11;33;17;21;46
507.0;-30;48.1;0.5;0.94;45.08;3.99;4.00;4.03;4.03;4.04;4.03;4.01;4.02;4.01;4.02;4.02;4.02;8.11;33;17;21;46
508.0;-22;48.1;0.5;0.94;45.75;3.99;4.00;4.04;4.03;4.04;4.03;4.01;4.02;4.01;4.03;4.02;4.02;8.11;33;17;21;46
509.0;-11;48.1;1.7;0.94;45.75;3.99;4.00;4.04;4.03;4.03;4.03;4.01;4.02;4.01;4.03;4.02;4.02;8.11;33;17;21;46
510.0;-15;48.1;1.7;0.94;45.75;3.96;3.98;4.01;4.01;4.01;4.01;3.98;4.00;3.99;4.00;3.99;3.99;8.11;33;17;21;46
511.0;-24;47.4;25.4;0.94;45.75;3.96;3.97;4.01;4.00;4.01;4.00;3.98;3.99;3.98;4.00;3.98;3.99;8.11;32;17;21;46
512.0;-27;47.4;25.4;0.94;45.75;3.95;3.96;3.99;3.99;3.98;3.98;3.96;3.97;3.96;3.97;3.96;3.97;8.11;32;17;21;46
513.0;-29;47.3;30.6;0.94;45.75;3.92;3.94;3.97;3.96;3.99;3.99;3.94;3.95;3.94;3.95;3.97;3.97;8.11;32;17;21;46
514.0;-27;47.0;24.8;0.94;45.75;3.92;3.93;3.96;3.96;3.96;3.96;3.94;3.95;3.94;3.95;3.93;3.93;8.11;32;17;21;46
515.0;-22;46.9;64.8;0.94;45.75;3.91;3.92;3.95;3.95;3.95;3.94;3.92;3.94;3.93;3.94;3.92;3.93;8.11;32;17;21;46
516.0;-25;46.9;36.3;0.94;45.75;3.90;3.92;3.95;3.94;3.95;3.94;3.92;3.94;3.93;3.93;3.92;3.92;8.11;32;17;21;46
517.0;-23;46.9;36.3;0.94;45.75;3.89;3.90;3.93;3.93;3.95;3.94;3.90;3.92;3.91;3.92;3.89;3.90;8.11;32;17;21;46
518.0;-23;46.8;28.6;1.03;45.75;3.90;3.92;3.94;3.94;3.92;3.92;3.91;3.93;3.92;3.93;3.91;3.91;8.11;32;17;21;46
519.0;-23;46.8;26.3;1.03;45.75;3.91;3.93;3.95;3.95;3.95;3.94;3.93;3.94;3.93;3.94;3.93;3.93;8.11;32;17;21;46
520.0;-20;46.8;26.3;1.03;45.75;3.88;3.90;3.92;3.92;3.91;3.91;3.89;3.91;3.90;3.91;3.89;3.89;8.10;32;17;21;46
521.0;-22;46.7;36.4;1.03;51.34;3.88;3.90;3.92;3.92;3.92;3.92;3.90;3.92;3.91;3.92;3.91;3.90;8.10;32;17;21;46
522.0;-25;46.7;36.4;1.03;51.34;3.87;3.88;3.91;3.91;3.92;3.91;3.88;3.90;3.88;3.89;3.87;3.87;8.10;32;17;21;46
523.0;-20;46.6;31.2;1.03;51.34;3.89;3.90;3.93;3.92;3.92;3.92;3.90;3.92;3.91;3.92;3.90;3.90;8.10;32;17;21;46
524.0;-16;46.6;37.4;1.03;51.34;3.87;3.89;3.92;3.91;3.91;3.90;3.89;3.90;3.89;3.90;3.89;3.88;8.10;32;17;21;46
525.0;-16;46.5;39.2;1.03;51.34;3.87;3.89;3.91;3.91;3.90;3.90;3.88;3.90;3.89;3.90;3.88;3.88;8.10;32;17;21;46
526.0;-17;46.4;38.8;1.03;51.34;3.86;3.88;3.90;3.90;3.89;3.89;3.87;3.89;3.88;3.89;3.87;3.87;8.10;32;17;21;46
527.0;-18;46.4;38.8;1.03;51.34;3.85;3.87;3.89;3.89;3.89;3.89;3.86;3.88;3.87;3.87;3.86;3.85;8.10;36;17;22;46
528.0;-13;46.5;34.4;1.03;51.34;3.85;3.87;3.89;3.89;3.88;3.88;3.86;3.88;3.87;3.87;3.86;3.85;8.10;36;17;22;46
529.0;-14;46.4;43.3;1.03;51.34;3.85;3.87;3.89;3.89;3.88;3.89;3.87;3.89;3.87;3.88;3.87;3.86;8.10;36;17;22;47
530.0;-17;46.4;43.3;1.03;51.34;3.85;3.87;3.88;3.88;3.89;3.88;3.86;3.88;3.86;3.87;3.85;3.85;8.10;36;17;22;47
531.0;-20;46.4;39.0;1.17;51.34;3.86;3.88;3.89;3.89;3.87;3.87;3.87;3.89;3.88;3.88;3.87;3.86;8.10;36;17;22;47
532.0;-14;46.4;39.0;1.17;51.34;3.86;3.88;3.90;3.90;3.89;3.89;3.87;3.89;3.88;3.89;3.87;3.87;8.04;36;17;22;47
533.0;-13;46.3;33.5;1.17;51.34;3.89;3.90;3.92;3.92;3.91;3.91;3.90;3.91;3.90;3.91;3.90;3.90;8.04;36;17;22;47
534.0;-20;45.9;75.8;1.17;51.34;3.87;3.89;3.90;3.91;3.85;3.84;3.88;3.90;3.89;3.90;3.82;3.81;8.04;36;17;22;47
535.0;-17;46.1;38.6;1.17;58.39;3.88;3.89;3.91;3.90;3.90;3.89;3.88;3.90;3.89;3.90;3.89;3.88;8.04;36;17;22;47
536.0;-23;46.3;68.1;1.17;58.39;3.86;3.88;3.90;3.89;3.90;3.90;3.87;3.89;3.88;3.89;3.89;3.89;8.04;36;17;22;47
537.0;-24;46.3;68.1;1.17;58.39;3.84;3.86;3.88;3.87;3.87;3.87;3.85;3.87;3.86;3.86;3.85;3.84;8.04;36;17;22;47
538.0;-25;46.1;40.3;1.17;58.39;3.85;3.87;3.88;3.88;3.88;3.87;3.86;3.88;3.87;3.88;3.86;3.85;8.04;36;17;22;47
539.0;-23;46.4;46.5;1.17;58.39;3.86;3.88;3.90;3.89;3.89;3.89;3.87;3.89;3.88;3.89;3.88;3.88;8.04;36;17;22;47
540.0;-17;46.4;46.5;1.17;58.39;3.88;3.90;3.91;3.90;3.90;3.90;3.89;3.90;3.89;3.90;3.89;3.89;8.04;36;17;22;47
541.0;-19;46.1;15.7;1.17;58.39;3.81;3.83;3.84;3.84;3.83;3.84;3.82;3.84;3.83;3.83;3.80;3.80;8.04;36;17;22;47
542.0;-18;46.1;15.7;1.17;58.39;3.84;3.86;3.87;3.87;3.87;3.86;3.85;3.87;3.86;3.86;3.85;3.84;8.04;36;17;22;47
543.0;-24;46.1;38.5;1.17;58.39;3.82;3.83;3.85;3.85;3.85;3.85;3.84;3.86;3.84;3.85;3.83;3.83;8.10;36;17;22;47
544.0;-29;45.4;67.3;1.17;58.39;3.79;3.81;3.82;3.82;3.84;3.84;3.79;3.82;3.80;3.81;3.78;3.78;8.10;36;17;22;47
545.0;-48;45.6;56.2;1.33;58.39;3.80;3.82;3.84;3.83;3.81;3.81;3.81;3.83;3.82;3.82;3.80;3.80;8.10;36;17;22;47
546.0;-44;45.5;32.9;1.33;58.39;3.79;3.81;3.83;3.82;3.81;3.81;3.80;3.82;3.81;3.81;3.79;3.79;8.10;36;17;22;47
547.0;-33;45.5;32.9;1.33;58.39;3.82;3.84;3.85;3.85;3.85;3.84;3.83;3.85;3.84;3.84;3.83;3.82;8.10;36;17;22;47
548.0;-26;45.9;39.0;1.33;65.95;3.83;3.85;3.86;3.86;3.85;3.85;3.84;3.86;3.85;3.85;3.84;3.83;8.10;40;18;22;50
549.0;-37;46.1;31.2;1.33;65.95;3.84;3.86;3.87;3.87;3.85;3.85;3.84;3.86;3.85;3.85;3.84;3.84;8.10;40;18;22;50
550.0;-37;46.1;31.2;1.33;65.95;3.86;3.88;3.89;3.89;3.89;3.88;3.87;3.89;3.88;3.89;3.88;3.87;8.10;40;18;22;50
551.0;-47;46.4;27.0;1.33;65.95;3.86;3.88;3.89;3.89;3.89;3.88;3.87;3.89;3.88;3.89;3.88;3.87;8.10;41;18;22;50
552.0;-56;46.4;27.0;1.33;65.95;3.85;3.87;3.89;3.88;3.88;3.88;3.86;3.88;3.87;3.88;3.85;3.85;8.10;41;18;22;50
553.0;-42;46.1;40.3;1.33;65.95;3.83;3.85;3.86;3.86;3.85;3.85;3.84;3.86;3.84;3.85;3.83;3.84;8.10;41;18;22;51
554.0;-35;45.8;48.1;1.33;65.95;3.82;3.84;3.85;3.85;3.85;3.84;3.83;3.85;3.84;3.84;3.82;3.82;8.10;41;18;22;51
555.0;-37;45.8;48.1;1.33;65.95;3.81;3.83;3.84;3.84;3.84;3.83;3.82;3.84;3.83;3.83;3.82;3.81;8.10;41;18;22;51
556.0;-39;46.3;0.5;1.33;65.95;3.85;3.86;3.88;3.88;3.87;3.87;3.86;3.87;3.87;3.87;3.87;3.86;8.10;41;18;22;51
557.0;-44;46.3;0.5;1.33;65.95;3.89;3.91;3.92;3.92;3.91;3.90;3.90;3.92;3.91;3.92;3.91;3.91;8.10;41;18;22;51
558.0;-42;46.9;0.5;1.45;65.95;3.90;3.91;3.93;3.92;3.92;3.91;3.91;3.92;3.92;3.93;3.92;3.91;8.10;41;18;22;51
559.0;-49;47.0;0.5;1.45;65.95;3.90;3.92;3.93;3.93;3.93;3.92;3.91;3.92;3.92;3.93;3.92;3.92;8.10;41;18;22;51
560.0;-49;47.0;0.5;1.45;65.95;3.90;3.92;3.94;3.93;3.93;3.92;3.92;3.93;3.93;3.93;3.93;3.93;8.10;41;18;22;51
561.0;-47;47.0;16.3;1.45;69.85;3.91;3.92;3.94;3.93;3.93;3.92;3.92;3.93;3.93;3.94;3.93;3.93;8.10;41;18;22;51
562.0;-39;47.0;16.3;1.45;69.85;3.83;3.85;3.86;3.86;3.85;3.85;3.84;3.86;3.84;3.85;3.83;3.83;8.10;41;18;22;51
563.0;-37;45.9;41.9;1.45;69.85;3.83;3.85;3.86;3.86;3.86;3.85;3.84;3.86;3.85;3.85;3.84;3.84;8.10;41;18;22;51
564.0;-38;46.0;39.4;1.45;69.85;3.83;3.85;3.86;3.86;3.86;3.85;3.84;3.86;3.85;3.85;3.84;3.84;8.10;41;18;22;51
565.0;-33;45.9;38.6;1.45;69.85;3.83;3.85;3.86;3.86;3.86;3.85;3.84;3.86;3.84;3.85;3.84;3.84;8.10;41;18;22;51
566.0;-25;46.1;18.4;1.45;69.85;3.84;3.86;3.87;3.87;3.86;3.85;3.84;3.86;3.85;3.86;3.85;3.84;8.10;41;18;22;51
567.0;-36;46.1;18.4;1.45;69.85;3.86;3.88;3.90;3.89;3.87;3.86;3.88;3.89;3.88;3.89;3.88;3.88;8.10;41;18;22;51
568.0;-33;46.5;18.6;1.45;69.85;3.85;3.87;3.89;3.88;3.89;3.88;3.86;3.88;3.87;3.88;3.87;3.87;8.09;41;18;22;51
569.0;-36;45.6;57.1;1.45;69.85;3.81;3.83;3.85;3.84;3.84;3.84;3.82;3.84;3.83;3.83;3.82;3.82;8.09;41;18;22;51
570.0;-51;45.6;57.1;1.45;69.85;3.79;3.81;3.83;3.83;3.82;3.81;3.80;3.82;3.81;3.81;3.79;3.79;8.09;41;18;22;51
571.0;-39;45.5;49.3;1.57;69.85;3.86;3.88;3.89;3.89;3.81;3.81;3.80;3.82;3.81;3.81;3.79;3.79;8.09;39;18;22;54
572.0;-39;45.5;49.3;1.57;69.85;3.87;3.89;3.91;3.90;3.89;3.88;3.89;3.90;3.89;3.91;3.90;3.89;8.09;39;18;22;54
573.0;-48;46.7;0.5;1.57;69.85;3.87;3.89;3.91;3.90;3.78;3.79;3.77;3.79;3.78;3.78;3.90;3.89;8.09;39;18;22;54
574.0;-52;45.8;14.9;1.57;69.85;3.85;3.86;3.88;3.88;3.78;3.79;3.86;3.87;3.86;3.88;3.90;3.89;8.09;39;18;22;54
575.0;-56;46.1;19.6;1.57;75.74;3.85;3.86;3.88;3.88;3.87;3.87;3.86;3.87;3.86;3.88;3.90;3.89;8.09;39;18;22;54
576.0;-53;46.1;19.6;1.57;75.74;3.84;3.86;3.87;3.87;3.87;3.87;3.85;3.87;3.86;3.86;3.85;3.85;8.09;39;18;22;54
577.0;-45;46.1;19.6;1.57;75.74;3.84;3.86;3.87;3.87;3.86;3.86;3.85;3.87;3.86;3.86;3.86;3.85;8.09;39;18;22;54
578.0;-40;46.1;26.0;1.57;75.74;3.84;3.86;3.87;3.87;3.86;3.86;3.85;3.87;3.86;3.86;3.85;3.85;8.09;39;18;22;54
579.0;-38;46.1;26.3;1.57;75.74;3.84;3.85;3.87;3.87;3.87;3.86;3.85;3.86;3.85;3.86;3.85;3.85;8.11;39;18;22;54
580.0;-39;46.1;26.3;1.57;75.74;3.85;3.86;3.88;3.87;3.86;3.86;3.86;3.87;3.86;3.87;3.85;3.85;8.11;39;18;22;54
581.0;-41;46.3;17.2;1.57;75.74;3.85;3.87;3.88;3.88;3.87;3.87;3.86;3.87;3.86;3.87;3.87;3.87;8.11;39;18;22;54
582.0;-41;46.3;17.2;1.57;75.74;3.85;3.87;3.89;3.88;3.88;3.88;3.86;3.87;3.86;3.87;3.87;3.87;8.11;39;18;22;54
583.0;-42;46.4;14.3;1.57;75.74;3.86;3.87;3.89;3.89;3.88;3.88;3.87;3.88;3.87;3.88;3.88;3.87;8.11;39;18;22;54
584.0;-38;46.4;12.4;1.57;75.74;3.86;3.88;3.89;3.89;3.89;3.88;3.87;3.88;3.87;3.88;3.88;3.88;8.11;39;18;22;54
585.0;-36;46.4;12.3;1.65;75.74;3.86;3.88;3.89;3.89;3.89;3.88;3.87;3.89;3.88;3.89;3.88;3.88;8.11;39;18;22;54
586.0;-36;46.4;12.7;1.65;75.74;3.86;3.88;3.90;3.89;3.89;3.88;3.87;3.89;3.88;3.89;3.88;3.88;8.11;39;18;22;54
587.0;-33;46.4;12.7;1.65;75.74;3.86;3.88;3.90;3.89;3.89;3.88;3.87;3.89;3.88;3.89;3.88;3.88;8.11;39;18;22;54
588.0;-21;46.4;14.5;1.65;78.82;3.86;3.88;3.89;3.89;3.89;3.88;3.87;3.88;3.88;3.89;3.88;3.88;8.11;39;18;22;54
589.0;-47;46.4;20.9;1.65;78.82;3.86;3.87;3.89;3.89;3.88;3.88;3.87;3.88;3.88;3.88;3.88;3.87;8.11;37;17;22;55
590.0;-54;46.4;20.9;1.65;78.82;3.83;3.84;3.86;3.85;3.86;3.85;3.84;3.85;3.84;3.85;3.84;3.83;8.11;37;17;22;55
591.0;-38;45.8;43.0;1.65;78.82;3.82;3.83;3.85;3.85;3.84;3.84;3.83;3.84;3.83;3.84;3.83;3.82;8.11;37;17;22;55
592.0;-40;45.8;43.0;1.65;78.82;3.80;3.82;3.83;3.83;3.82;3.82;3.81;3.83;3.82;3.82;3.80;3.80;8.11;37;17;22;55
593.0;-39;45.5;48.6;1.65;78.82;3.82;3.83;3.85;3.85;3.82;3.81;3.80;3.82;3.81;3.81;3.79;3.79;8.11;37;17;22;55
594.0;-39;45.8;29.0;1.65;78.82;3.82;3.83;3.85;3.85;3.85;3.84;3.83;3.84;3.83;3.84;3.83;3.83;8.11;37;17;22;55
595.0;-41;46.0;13.1;1.65;78.82;3.84;3.86;3.88;3.87;3.84;3.84;3.86;3.87;3.86;3.87;3.86;3.86;8.11;37;17;22;55
596.0;-44;46.3;9.1;1.65;78.82;3.85;3.87;3.89;3.88;3.87;3.87;3.86;3.87;3.86;3.87;3.86;3.86;8.11;37;17;22;54
597.0;-34;46.3;9.1;1.65;78.82;3.85;3.87;3.89;3.88;3.88;3.88;3.87;3.88;3.87;3.88;3.87;3.87;8.11;37;17;22;54
598.0;-46;46.3;15.2;1.73;78.82;3.85;3.86;3.88;3.87;3.88;3.87;3.86;3.87;3.87;3.88;3.87;3.86;8.11;37;17;22;54
599.0;-35;46.3;14.6;1.73;78.82;3.85;3.87;3.88;3.88;3.88;3.87;3.86;3.87;3.87;3.87;3.87;3.87;8.11;37;17;22;54
600.0;-35;46.3;14.6;1.73;78.82;3.83;3.85;3.86;3.86;3.85;3.85;3.84;3.85;3.85;3.85;3.84;3.84;8.11;37;17;22;54
601.0;-39;45.8;41.4;1.73;83.23;3.81;3.83;3.84;3.84;3.84;3.83;3.82;3.84;3.83;3.84;3.82;3.82;8.11;37;17;22;54
602.0;-52;45.8;41.4;1.73;83.23;3.79;3.80;3.82;3.82;3.82;3.81;3.80;3.82;3.80;3.81;3.79;3.79;8.11;37;17;22;54
603.0;-47;45.4;42.0;1.73;83.23;3.79;3.80;3.82;3.82;3.83;3.83;3.81;3.83;3.82;3.83;3.81;3.81;8.11;37;17;22;54
604.0;-43;45.8;20.4;1.73;83.23;3.81;3.83;3.84;3.84;3.83;3.84;3.82;3.84;3.83;3.83;3.82;3.82;8.11;37;17;22;54
605.0;-41;45.9;21.8;1.73;83.23;3.82;3.84;3.86;3.85;3.85;3.84;3.83;3.85;3.84;3.85;3.84;3.83;8.11;37;17;22;54
606.0;-40;46.4;0.5;1.73;83.23;3.86;3.87;3.89;3.88;3.88;3.88;3.87;3.88;3.87;3.88;3.88;3.88;8.11;37;17;22;54
607.0;-52;46.4;0.5;1.73;83.23;3.86;3.88;3.89;3.89;3.89;3.88;3.87;3.89;3.88;3.89;3.89;3.88;8.11;37;17;22;54
608.0;-44;46.5;0.3;1.73;83.23;3.87;3.88;3.90;3.89;3.90;3.89;3.88;3.89;3.89;3.90;3.89;3.89;8.11;37;17;22;54
609.0;-38;46.6;0.3;1.73;83.23;3.87;3.88;3.90;3.90;3.90;3.89;3.88;3.89;3.89;3.90;3.89;3.89;8.11;37;17;22;54
610.0;-39;46.6;0.3;1.73;83.23;3.87;3.89;3.91;3.90;3.90;3.89;3.89;3.89;3.89;3.90;3.89;3.89;8.11;37;17;22;54
611.0;-35;46.6;0.3;1.79;83.23;3.87;3.89;3.90;3.90;3.90;3.89;3.89;3.90;3.89;3.90;3.90;3.89;8.11;37;17;22;54
612.0;-33;46.6;0.3;1.79;83.23;3.88;3.89;3.91;3.90;3.90;3.90;3.89;3.90;3.89;3.90;3.89;3.90;8.11;33;17;22;54
613.0;-32;46.6;0.3;1.79;83.23;3.88;3.89;3.91;3.90;3.90;3.90;3.89;3.90;3.89;3.91;3.90;3.90;8.11;33;17;22;54
614.0;-29;46.7;0.3;1.79;83.23;3.88;3.89;3.91;3.90;3.90;3.90;3.89;3.90;3.89;3.91;3.90;3.90;8.11;32;17;22;54
615.0;-23;46.7;0.3;1.79;84.77;3.88;3.89;3.91;3.90;3.90;3.90;3.89;3.90;3.90;3.90;3.90;3.90;8.11;32;17;22;54
616.0;-24;46.7;0.3;1.79;84.77;3.88;3.89;3.91;3.90;3.91;3.90;3.89;3.90;3.90;3.91;3.90;3.90;8.11;32;17;22;54
617.0;-20;46.7;0.3;1.79;84.77;3.86;3.88;3.90;3.89;3.91;3.90;3.88;3.89;3.88;3.89;3.88;3.89;8.11;32;17;22;54
618.0;-21;46.4;12.2;1.79;84.77;3.86;3.88;3.90;3.89;3.89;3.89;3.88;3.89;3.88;3.89;3.88;3.89;8.11;33;17;22;53
619.0;-30;46.1;17.1;1.79;84.77;3.84;3.86;3.87;3.87;3.88;3.88;3.87;3.88;3.87;3.88;3.87;3.87;8.11;33;17;22;53
620.0;-38;46.1;17.1;1.79;84.77;3.81;3.83;3.84;3.84;3.87;3.86;3.82;3.84;3.83;3.84;3.82;3.82;8.11;33;17;22;53
621.0;-20;45.8;38.0;1.79;84.77;3.80;3.82;3.83;3.83;3.83;3.82;3.81;3.83;3.82;3.82;3.81;3.80;8.11;33;17;22;53
622.0;-16;45.8;38.0;1.79;84.77;3.79;3.81;3.83;3.82;3.82;3.81;3.80;3.82;3.81;3.82;3.80;3.79;8.11;33;17;22;53
623.0;-17;45.6;28.0;1.79;84.77;3.79;3.81;3.82;3.82;3.84;3.83;3.83;3.84;3.83;3.84;3.83;3.82;8.11;33;17;22;53
624.0;-19;45.5;43.8;1.79;84.77;3.78;3.80;3.82;3.82;3.82;3.81;3.80;3.81;3.80;3.81;3.79;3.79;8.11;33;17;22;53
625.0;-20;45.5;37.6;1.86;84.77;3.80;3.81;3.83;3.83;3.81;3.81;3.81;3.82;3.81;3.82;3.81;3.81;8.11;33;17;22;53
626.0;-18;45.4;45.0;1.86;84.77;3.78;3.80;3.81;3.81;3.81;3.80;3.79;3.81;3.80;3.80;3.79;3.78;8.11;33;17;22;53
627.0;-20;45.4;45.0;1.86;84.77;3.81;3.82;3.84;3.84;3.83;3.83;3.82;3.83;3.82;3.83;3.82;3.82;8.04;33;17;22;53
628.0;-22;45.4;35.4;1.86;89.99;3.78;3.81;3.82;3.81;3.81;3.81;3.80;3.81;3.80;3.81;3.79;3.79;8.04;33;17;22;53
629.0;-22;45.3;42.7;1.86;89.99;3.78;3.80;3.81;3.81;3.81;3.80;3.79;3.81;3.80;3.81;3.79;3.79;8.04;33;17;22;53
630.0;-24;45.3;42.7;1.86;89.99;3.76;3.78;3.80;3.79;3.79;3.78;3.77;3.79;3.78;3.79;3.76;3.77;8.04;33;17;22;53
631.0;-24;45.3;55.3;1.86;89.99;3.79;3.81;3.82;3.82;3.81;3.81;3.80;3.82;3.81;3.81;3.80;3.79;8.04;33;17;22;53
632.0;-18;45.3;55.3;1.86;89.99;3.77;3.79;3.80;3.80;3.80;3.80;3.78;3.80;3.79;3.79;3.78;3.79;8.04;33;17;22;53
633.0;-23;45.2;42.6;1.86;89.99;3.77;3.79;3.80;3.80;3.80;3.79;3.78;3.80;3.79;3.79;3.78;3.77;8.04;33;17;22;53
634.0;-15;45.2;32.5;1.86;89.99;3.76;3.78;3.79;3.79;3.78;3.78;3.77;3.78;3.78;3.78;3.76;3.76;8.04;33;17;22;53
635.0;-17;45.3;43.1;1.86;89.99;3.76;3.78;3.80;3.79;3.79;3.78;3.77;3.79;3.78;3.79;3.77;3.77;8.04;37;17;22;53
636.0;-20;45.2;40.4;1.86;89.99;3.77;3.78;3.80;3.80;3.79;3.79;3.78;3.80;3.78;3.79;3.78;3.77;8.04;37;17;22;53
637.0;-18;45.2;40.4;1.86;89.99;3.77;3.79;3.80;3.80;3.79;3.79;3.78;3.80;3.78;3.79;3.78;3.77;8.04;37;17;22;53
638.0;-18;45.2;35.1;2.01;89.99;3.76;3.77;3.79;3.79;3.80;3.79;3.78;3.80;3.79;3.80;3.78;3.78;8.04;37;17;22;53
639.0;-21;45.1;39.7;2.01;89.99;3.76;3.78;3.79;3.78;3.78;3.78;3.77;3.79;3.77;3.78;3.77;3.76;8.06;37;17;22;53
640.0;-23;45.1;39.7;2.01;89.99;3.79;3.80;3.82;3.81;3.81;3.81;3.80;3.81;3.81;3.81;3.80;3.80;8.06;37;17;22;53
641.0;-24;45.3;23.4;2.01;96.77;3.74;3.76;3.77;3.77;3.81;3.81;3.75;3.77;3.76;3.76;3.80;3.80;8.06;37;17;22;53
642.0;-22;45.1;77.7;2.01;96.77;3.77;3.79;3.80;3.80;3.79;3.79;3.78;3.80;3.79;3.79;3.78;3.78;8.06;37;17;22;53
643.0;-23;45.1;77.7;2.01;96.77;3.71;3.73;3.75;3.74;3.73;3.73;3.72;3.74;3.73;3.73;3.70;3.70;8.06;37;17;22;53
644.0;-35;44.6;58.6;2.01;96.77;3.72;3.74;3.75;3.76;3.74;3.74;3.73;3.75;3.74;3.75;3.73;3.72;8.06;37;17;22;53
645.0;-42;44.6;58.6;2.01;96.77;3.73;3.75;3.76;3.76;3.74;3.74;3.73;3.75;3.74;3.75;3.72;3.72;8.06;37;17;22;53
646.0;-35;44.8;49.2;2.01;96.77;3.73;3.75;3.77;3.76;3.75;3.75;3.74;3.76;3.75;3.76;3.74;3.73;8.06;37;17;22;53
647.0;-44;44.8;49.2;2.01;96.77;3.73;3.75;3.76;3.77;3.76;3.75;3.74;3.76;3.75;3.76;3.74;3.74;8.06;37;17;22;53
648.0;-53;45.1;18.0;2.01;96.77;3.78;3.80;3.81;3.80;3.76;3.75;3.74;3.76;3.75;3.76;3.79;3.79;8.06;37;17;22;53
649.0;-60;45.1;18.0;2.01;96.77;3.78;3.80;3.81;3.81;3.81;3.80;3.79;3.81;3.80;3.81;3.79;3.79;8.06;37;17;22;53
650.0;-53;45.1;18.0;2.01;96.77;3.79;3.80;3.82;3.81;3.81;3.81;3.80;3.81;3.80;3.81;3.80;3.79;8.06;37;17;22;53
651.0;-59;45.5;15.7;2.16;96.77;3.80;3.82;3.83;3.82;3.81;3.81;3.80;3.81;3.80;3.81;3.80;3.79;8.10;37;17;22;53
652.0;-46;45.7;8.8;2.16;96.77;3.80;3.82;3.83;3.82;3.82;3.82;3.81;3.82;3.82;3.83;3.82;3.81;8.10;37;17;22;53
653.0;-41;45.7;8.8;2.16;96.77;3.81;3.83;3.84;3.83;3.83;3.83;3.82;3.83;3.83;3.84;3.82;3.83;8.10;37;17;22;53
654.0;-44;45.8;10.0;2.16;96.77;3.81;3.83;3.84;3.84;3.83;3.83;3.82;3.83;3.83;3.83;3.83;3.82;8.10;37;17;22;53
655.0;-41;45.8;10.0;2.16;102.08;3.81;3.83;3.84;3.84;3.83;3.83;3.82;3.84;3.83;3.84;3.83;3.83;8.10;37;17;22;53
656.0;-45;45.8;8.6;2.16;102.08;3.82;3.83;3.85;3.84;3.84;3.84;3.83;3.84;3.83;3.84;3.83;3.83;8.10;37;17;22;53
657.0;-48;45.8;8.6;2.16;102.08;3.83;3.84;3.86;3.85;3.85;3.85;3.84;3.85;3.85;3.85;3.85;3.85;8.10;40;18;22;56
658.0;-35;46.1;0.4;2.16;102.08;3.83;3.85;3.86;3.85;3.86;3.85;3.84;3.85;3.85;3.86;3.85;3.85;8.10;40;18;22;56
659.0;-45;46.1;0.5;2.16;102.08;3.83;3.85;3.86;3.85;3.86;3.85;3.84;3.85;3.85;3.86;3.85;3.85;8.10;39;18;22;56
660.0;-35;46.1;0.5;2.16;102.08;3.84;3.85;3.87;3.86;3.86;3.85;3.85;3.85;3.85;3.86;3.85;3.86;8.10;39;18;22;56
661.0;-37;46.1;0.3;2.16;102.08;3.84;3.85;3.87;3.86;3.86;3.85;3.85;3.86;3.85;3.86;3.85;3.86;8.10;39;18;22;56
662.0;-34;46.1;0.3;2.16;102.08;3.84;3.85;3.87;3.86;3.86;3.85;3.85;3.86;3.86;3.86;3.86;3.86;8.10;39;18;22;56
663.0;-27;46.1;2.1;2.16;102.08;3.84;3.85;3.86;3.86;3.86;3.86;3.85;3.86;3.85;3.86;3.86;3.85;8.11;39;18;22;56
664.0;-26;46.1;1.0;2.16;102.08;3.84;3.85;3.87;3.86;3.86;3.85;3.85;3.86;3.85;3.86;3.86;3.86;8.11;39;18;22;56
665.0;-15;46.2;0.3;2.18;102.08;3.84;3.85;3.87;3.86;3.86;3.86;3.85;3.86;3.86;3.86;3.86;3.86;8.11;39;18;22;56
666.0;-17;46.1;5.5;2.18;102.08;3.83;3.85;3.86;3.86;3.86;3.85;3.85;3.85;3.85;3.86;3.85;3.85;8.11;39;18;22;56
667.0;-20;46.1;5.5;2.18;102.08;3.80;3.82;3.83;3.83;3.85;3.84;3.83;3.84;3.84;3.85;3.84;3.84;8.11;39;18;22;56
668.0;-14;45.6;30.9;2.18;103.06;3.79;3.81;3.82;3.82;3.82;3.82;3.81;3.82;3.82;3.82;3.81;3.81;8.11;39;18;22;56
669.0;-15;45.5;26.0;2.18;103.06;3.77;3.78;3.80;3.80;3.82;3.81;3.78;3.79;3.78;3.79;3.80;3.80;8.11;39;18;22;56
670.0;-20;45.5;26.0;2.18;103.06;3.76;3.78;3.80;3.79;3.79;3.78;3.77;3.79;3.78;3.79;3.77;3.77;8.11;39;18;22;56
671.0;-27;45.1;43.6;2.18;103.06;3.75;3.77;3.78;3.78;3.77;3.77;3.76;3.77;3.77;3.77;3.75;3.75;8.11;39;18;22;56
672.0;-21;45.0;38.0;2.18;103.06;3.77;3.79;3.80;3.80;3.79;3.79;3.78;3.79;3.78;3.79;3.78;3.78;8.11;39;18;22;56
673.0;-13;45.0;38.0;2.18;103.06;3.73;3.75;3.76;3.77;3.78;3.78;3.74;3.76;3.75;3.76;3.76;3.76;8.11;39;18;22;56
674.0;-11;45.0;46.0;2.18;103.06;3.77;3.79;3.80;3.79;3.76;3.76;3.78;3.79;3.79;3.79;3.78;3.78;8.11;39;18;22;56
675.0;-20;45.0;46.0;2.18;103.06;3.77;3.79;3.80;3.79;3.79;3.78;3.78;3.79;3.79;3.79;3.78;3.78;8.04;39;18;22;56
676.0;-20;44.5;29.7;2.18;103.06;3.73;3.74;3.75;3.76;3.74;3.74;3.72;3.75;3.73;3.74;3.71;3.71;8.04;39;18;22;56
677.0;-11;44.5;29.7;2.18;103.06;3.74;3.76;3.78;3.77;3.75;3.74;3.75;3.77;3.76;3.77;3.75;3.75;8.04;39;18;22;56
678.0;-17;45.0;35.9;2.30;103.06;3.74;3.76;3.77;3.77;3.77;3.76;3.75;3.77;3.76;3.76;3.75;3.75;8.04;38;18;23;56
679.0;-18;45.0;33.3;2.30;103.06;3.74;3.76;3.77;3.77;3.76;3.76;3.75;3.77;3.76;3.76;3.74;3.74;8.04;38;18;23;56
680.0;-17;45.0;33.3;2.30;103.06;3.74;3.75;3.77;3.77;3.76;3.76;3.75;3.76;3.75;3.76;3.74;3.74;8.04;38;18;23;56
681.0;-14;44.8;31.4;2.30;109.77;3.71;3.73;3.74;3.74;3.73;3.73;3.72;3.74;3.73;3.73;3.71;3.70;8.04;38;18;23;56
682.0;-11;44.7;42.6;2.30;109.77;3.74;3.76;3.77;3.77;3.76;3.76;3.75;3.77;3.76;3.77;3.74;3.74;8.04;38;18;23;56
683.0;-9;44.7;42.6;2.30;109.77;3.73;3.75;3.76;3.76;3.76;3.75;3.74;3.76;3.75;3.76;3.74;3.74;8.04;38;18;23;56
684.0;-13;44.7;14.5;2.30;109.77;3.75;3.77;3.78;3.78;3.77;3.77;3.76;3.77;3.76;3.77;3.76;3.76;8.04;38;18;23;56
685.0;-17;44.7;14.5;2.30;109.77;3.73;3.75;3.76;3.75;3.75;3.75;3.73;3.75;3.74;3.75;3.73;3.73;8.04;39;18;23;56
686.0;-11;44.8;38.2;2.30;109.77;3.73;3.75;3.76;3.76;3.75;3.75;3.74;3.76;3.75;3.76;3.74;3.74;8.04;39;18;23;56
687.0;-12;44.8;38.2;2.30;109.77;3.75;3.77;3.79;3.78;3.78;3.77;3.76;3.78;3.77;3.78;3.77;3.77;8.04;39;18;23;56
688.0;-11;44.8;73.3;2.30;109.77;3.71;3.73;3.75;3.74;3.74;3.74;3.72;3.74;3.73;3.74;3.72;3.72;8.04;39;18;23;56
689.0;-18;44.4;72.0;2.30;109.77;3.71;3.73;3.74;3.74;3.73;3.73;3.72;3.74;3.73;3.73;3.71;3.70;8.04;39;18;23;56
690.0;-13;44.4;72.0;2.30;109.77;3.69;3.71;3.72;3.72;3.71;3.71;3.70;3.72;3.71;3.72;3.69;3.68;8.04;39;18;23;56
691.0;-30;44.2;61.4;2.47;109.77;3.69;3.71;3.72;3.72;3.72;3.71;3.69;3.72;3.70;3.71;3.69;3.68;8.04;39;18;23;56
692.0;-35;44.3;64.1;2.47;109.77;3.68;3.71;3.72;3.72;3.71;3.71;3.69;3.72;3.70;3.71;3.68;3.69;8.04;39;18;23;56
693.0;-31;44.3;64.1;2.47;109.77;3.73;3.75;3.76;3.76;3.76;3.75;3.74;3.76;3.75;3.76;3.75;3.75;8.04;39;18;23;56
694.0;-28;44.4;68.3;2.47;109.77;3.68;3.70;3.71;3.72;3.75;3.74;3.73;3.75;3.74;3.75;3.73;3.73;8.04;39;18;23;56
695.0;-32;44.4;68.3;2.47;117.82;3.70;3.71;3.73;3.73;3.70;3.70;3.71;3.72;3.71;3.72;3.68;3.68;8.04;39;18;23;56
696.0;-30;44.3;55.4;2.47;117.82;3.74;3.76;3.77;3.77;3.72;3.71;3.75;3.76;3.76;3.77;3.76;3.76;8.04;39;18;23;56
697.0;-30;44.3;55.4;2.47;117.82;3.70;3.72;3.73;3.73;3.72;3.72;3.71;3.73;3.72;3.73;3.71;3.71;8.04;39;18;23;56
698.0;-33;44.5;38.0;2.47;117.82;3.69;3.71;3.73;3.72;3.72;3.72;3.71;3.73;3.72;3.73;3.71;3.71;8.04;39;18;23;56
699.0;-38;44.4;39.1;2.47;117.82;3.72;3.74;3.75;3.74;3.72;3.71;3.73;3.74;3.74;3.74;3.70;3.69;8.04;39;18;23;56
700.0;-46;44.4;39.1;2.47;117.82;3.72;3.74;3.75;3.75;3.75;3.73;3.73;3.75;3.74;3.74;3.73;3.73;8.04;42;18;24;58
701.0;-50;44.8;25.6;2.47;117.82;3.73;3.75;3.76;3.76;3.76;3.75;3.73;3.75;3.74;3.74;3.73;3.73;8.04;42;18;24;58
702.0;-50;44.8;25.6;2.47;117.82;3.73;3.75;3.76;3.76;3.76;3.75;3.73;3.75;3.74;3.74;3.74;3.74;8.04;42;18;23;58
703.0;-52;44.8;25.6;2.47;117.82;3.77;3.79;3.80;3.80;3.74;3.75;3.78;3.79;3.79;3.80;3.73;3.73;8.04;42;18;23;58
704.0;-36;45.5;0.3;2.47;117.82;3.78;3.80;3.81;3.80;3.80;3.79;3.79;3.80;3.80;3.80;3.73;3.73;8.04;42;18;23;58
705.0;-40;45.5;0.3;2.61;117.82;3.79;3.80;3.81;3.81;3.80;3.80;3.80;3.81;3.80;3.81;3.80;3.80;8.04;42;18;23;58
706.0;-38;45.4;10.6;2.61;117.82;3.77;3.79;3.80;3.79;3.79;3.79;3.78;3.79;3.79;3.80;3.78;3.79;8.04;42;18;23;58
707.0;-31;45.4;10.6;2.61;117.82;3.77;3.79;3.80;3.79;3.79;3.79;3.78;3.79;3.79;3.80;3.78;3.79;8.04;42;18;23;58
708.0;-26;45.3;12.2;2.61;122.19;3.77;3.79;3.80;3.80;3.79;3.79;3.78;3.79;3.79;3.80;3.79;3.79;8.04;42;18;23;58
709.0;-42;44.9;41.5;2.61;122.19;3.75;3.77;3.78;3.78;3.77;3.77;3.76;3.78;3.77;3.78;3.77;3.76;8.08;42;18;23;58
710.0;-38;44.9;41.5;2.61;122.19;3.72;3.73;3.75;3.74;3.74;3.74;3.72;3.74;3.73;3.74;3.77;3.76;8.08;42;18;23;58
711.0;-54;44.5;49.1;2.61;122.19;3.71;3.73;3.74;3.74;3.73;3.73;3.72;3.74;3.73;3.73;3.71;3.71;8.08;42;18;23;58
712.0;-41;44.5;28.6;2.61;122.19;3.70;3.72;3.73;3.73;3.72;3.73;3.71;3.73;3.72;3.73;3.70;3.71;8.08;42;18;23;58
713.0;-44;44.5;28.6;2.61;122.19;3.74;3.76;3.77;3.77;3.72;3.72;3.75;3.76;3.75;3.76;3.75;3.75;8.08;42;18;23;58
714.0;-58;44.9;23.1;2.61;122.19;3.74;3.76;3.77;3.77;3.76;3.76;3.75;3.76;3.76;3.76;3.75;3.75;8.08;42;18;23;58
715.0;-59;44.9;23.1;2.61;122.19;3.74;3.76;3.77;3.77;3.76;3.76;3.75;3.76;3.76;3.76;3.75;3.75;8.08;42;18;23;58
716.0;-44;44.9;22.8;2.61;122.19;3.74;3.76;3.77;3.76;3.76;3.76;3.75;3.77;3.76;3.77;3.76;3.75;8.08;42;18;23;58
717.0;-43;44.9;22.8;2.61;122.19;3.75;3.76;3.78;3.77;3.76;3.76;3.76;3.77;3.76;3.77;3.76;3.76;8.08;42;18;23;58
718.0;-44;45.0;19.9;2.71;122.19;3.75;3.77;3.78;3.78;3.77;3.76;3.76;3.77;3.77;3.77;3.76;3.76;8.08;42;18;23;58
719.0;-52;45.1;15.3;2.71;122.19;3.76;3.77;3.78;3.78;3.77;3.77;3.76;3.78;3.77;3.78;3.77;3.77;8.08;42;18;23;58
720.0;-42;45.1;15.3;2.71;122.19;3.76;3.78;3.78;3.78;3.78;3.78;3.77;3.78;3.77;3.78;3.77;3.77;8.09;42;18;23;58
721.0;-40;45.2;12.7;2.71;126.66;3.76;3.78;3.79;3.79;3.78;3.78;3.77;3.78;3.78;3.79;3.77;3.77;8.09;42;18;23;58
722.0;-37;45.2;12.6;2.71;126.66;3.76;3.78;3.79;3.78;3.79;3.78;3.77;3.79;3.78;3.79;3.78;3.78;8.09;41;18;24;60
723.0;-34;45.2;12.6;2.71;126.66;3.76;3.78;3.79;3.79;3.79;3.78;3.77;3.78;3.78;3.79;3.78;3.78;8.09;41;18;24;60
724.0;-31;44.9;34.6;2.71;126.66;3.75;3.77;3.78;3.78;3.77;3.77;3.76;3.78;3.77;3.78;3.76;3.77;8.09;40;18;24;60
725.0;-31;44.9;34.6;2.71;126.66;3.72;3.74;3.75;3.74;3.75;3.75;3.74;3.75;3.74;3.75;3.74;3.74;8.09;40;18;24;60
726.0;-31;44.6;39.6;2.71;126.66;3.71;3.73;3.74;3.74;3.74;3.74;3.72;3.74;3.73;3.73;3.72;3.72;8.09;40;18;24;60
727.0;-33;44.6;39.6;2.71;126.66;3.72;3.73;3.74;3.74;3.74;3.73;3.72;3.74;3.73;3.74;3.72;3.72;8.09;40;18;24;60
728.0;-32;44.5;41.7;2.71;126.66;3.71;3.73;3.74;3.74;3.73;3.73;3.72;3.74;3.72;3.73;3.71;3.71;8.09;40;18;24;60
729.0;-31;45.0;16.8;2.71;126.66;3.74;3.76;3.77;3.77;3.77;3.76;3.75;3.77;3.76;3.77;3.75;3.76;8.09;40;18;24;60
730.0;-39;45.0;16.8;2.71;126.66;3.75;3.77;3.78;3.77;3.77;3.77;3.76;3.77;3.77;3.78;3.77;3.77;8.09;40;18;24;60
731.0;-40;45.1;11.4;2.79;126.66;3.76;3.78;3.79;3.78;3.78;3.77;3.77;3.78;3.77;3.79;3.77;3.77;8.09;40;18;24;60
732.0;-43;45.2;9.7;2.79;126.66;3.76;3.78;3.79;3.78;3.78;3.78;3.77;3.78;3.77;3.79;3.78;3.77;8.10;40;18;24;60
733.0;-32;45.2;9.7;2.79;126.66;3.76;3.78;3.79;3.78;3.78;3.78;3.77;3.78;3.78;3.78;3.78;3.78;8.10;40;18;24;60
734.0;-21;45.0;22.5;2.79;126.66;3.75;3.76;3.78;3.77;3.78;3.78;3.75;3.77;3.76;3.77;3.77;3.78;8.10;40;18;24;60
735.0;-35;45.0;22.5;2.79;130.44;3.74;3.76;3.77;3.77;3.77;3.76;3.75;3.76;3.76;3.77;3.75;3.75;8.10;40;18;24;60
736.0;-23;44.9;24.9;2.79;130.44;3.74;3.76;3.77;3.76;3.76;3.76;3.75;3.76;3.76;3.76;3.75;3.75;8.10;40;18;24;60
737.0;-35;44.9;24.9;2.79;130.44;3.74;3.75;3.76;3.76;3.76;3.75;3.74;3.76;3.75;3.76;3.75;3.74;8.10;40;18;24;60
738.0;-37;44.7;35.8;2.79;130.44;3.72;3.74;3.75;3.74;3.74;3.74;3.73;3.75;3.74;3.74;3.73;3.72;8.10;40;18;24;60
739.0;-31;44.5;43.3;2.79;130.44;3.71;3.73;3.74;3.74;3.73;3.73;3.72;3.74;3.73;3.73;3.71;3.71;8.10;40;18;24;60
740.0;-34;44.5;43.3;2.79;130.44;3.70;3.72;3.73;3.73;3.72;3.72;3.71;3.73;3.72;3.72;3.70;3.70;8.10;40;18;24;60
741.0;-38;44.4;36.0;2.79;130.44;3.71;3.73;3.74;3.74;3.72;3.72;3.72;3.74;3.73;3.74;3.72;3.72;8.10;40;18;24;60
742.0;-41;44.5;33.6;2.79;130.44;3.71;3.73;3.74;3.74;3.73;3.73;3.72;3.74;3.73;3.74;3.72;3.72;8.10;40;18;24;60
743.0;-44;44.5;33.6;2.79;130.44;3.71;3.73;3.74;3.74;3.73;3.73;3.72;3.74;3.73;3.73;3.72;3.72;8.11;37;18;24;59
744.0;-45;45.0;0.5;2.79;130.44;3.74;3.76;3.77;3.77;3.73;3.73;3.75;3.76;3.76;3.77;3.76;3.76;8.11;37;18;24;59
745.0;-45;45.0;0.5;2.89;130.44;3.76;3.78;3.79;3.79;3.79;3.78;3.77;3.79;3.78;3.80;3.78;3.78;8.11;37;18;24;59
746.0;-35;45.3;0.4;2.89;130.44;3.77;3.79;3.79;3.79;3.79;3.79;3.78;3.79;3.78;3.80;3.79;3.79;8.11;37;18;24;59
747.0;-34;45.3;0.4;2.89;130.44;3.77;3.79;3.80;3.79;3.79;3.79;3.78;3.79;3.79;3.80;3.79;3.79;8.11;36;17;24;59
748.0;-40;45.3;7.3;2.89;134.22;3.76;3.78;3.79;3.79;3.78;3.78;3.77;3.79;3.78;3.79;3.78;3.78;8.11;36;17;24;59
749.0;-40;45.2;8.9;2.89;134.22;3.76;3.78;3.79;3.78;3.78;3.78;3.77;3.78;3.78;3.79;3.78;3.78;8.11;36;17;24;59
750.0;-32;45.2;8.9;2.89;134.22;3.76;3.78;3.79;3.78;3.78;3.78;3.77;3.78;3.78;3.79;3.77;3.78;8.11;36;17;24;59
751.0;-36;45.2;9.6;2.89;134.22;3.76;3.78;3.79;3.78;3.78;3.78;3.77;3.78;3.78;3.79;3.78;3.78;8.11;36;17;24;58
752.0;-45;45.0;21.4;2.89;134.22;3.75;3.77;3.77;3.77;3.77;3.76;3.76;3.77;3.77;3.77;3.76;3.76;8.11;36;17;24;58
753.0;-50;45.0;21.4;2.89;134.22;3.74;3.75;3.76;3.76;3.76;3.76;3.75;3.76;3.76;3.77;3.75;3.75;8.11;36;17;24;58
754.0;-42;44.9;24.3;2.89;134.22;3.74;3.75;3.76;3.76;3.76;3.76;3.75;3.76;3.75;3.76;3.74;3.75;8.11;36;17;24;58
755.0;-42;44.9;24.3;2.89;134.22;3.73;3.75;3.76;3.76;3.75;3.75;3.74;3.76;3.75;3.76;3.74;3.74;8.09;36;17;24;58
756.0;-54;44.8;29.5;2.89;134.22;3.73;3.75;3.76;3.75;3.75;3.74;3.74;3.76;3.75;3.76;3.74;3.74;8.09;36;17;24;58
757.0;-39;44.8;29.5;2.89;134.22;3.72;3.73;3.74;3.74;3.75;3.74;3.72;3.74;3.73;3.74;3.72;3.72;8.09;36;17;24;58
758.0;-40;44.6;33.7;2.95;134.22;3.71;3.72;3.74;3.73;3.73;3.73;3.71;3.73;3.72;3.73;3.72;3.72;8.09;36;17;24;58
759.0;-48;44.1;50.6;2.95;134.22;3.68;3.69;3.71;3.70;3.73;3.72;3.68;3.70;3.69;3.69;3.67;3.67;8.09;36;17;24;58
760.0;-42;44.1;50.6;2.95;134.22;3.68;3.69;3.71;3.70;3.77;3.77;3.76;3.77;3.77;3.78;3.77;3.77;8.09;36;17;24;58
761.0;-44;45.2;0.8;2.95;137.95;3.75;3.77;3.78;3.77;3.78;3.77;3.76;3.77;3.77;3.78;3.77;3.77;8.09;36;17;24;58
762.0;-54;44.9;14.4;2.95;137.95;3.73;3.74;3.75;3.75;3.76;3.75;3.76;3.77;3.77;3.78;3.75;3.75;8.09;36;17;24;58
763.0;-56;44.9;14.4;2.95;137.95;3.73;3.74;3.75;3.75;3.75;3.75;3.76;3.77;3.77;3.78;3.74;3.75;8.09;36;17;24;58
764.0;-48;44.9;13.8;2.95;137.95;3.73;3.75;3.76;3.76;3.76;3.75;3.74;3.76;3.75;3.76;3.75;3.75;8.09;36;17;24;58
765.0;-39;44.9;13.8;2.95;137.95;3.73;3.75;3.76;3.75;3.75;3.75;3.74;3.75;3.75;3.76;3.74;3.75;8.09;36;17;24;57
766.0;-42;44.5;38.5;2.95;137.95;3.70;3.72;3.73;3.73;3.75;3.75;3.71;3.73;3.72;3.73;3.71;3.71;8.09;36;17;24;57
767.0;-31;44.5;38.5;2.95;137.95;3.70;3.72;3.73;3.73;3.72;3.71;3.71;3.72;3.72;3.71;3.71;3.70;8.10;36;17;24;57
768.0;-41;44.3;44.7;2.95;137.95;3.69;3.71;3.72;3.71;3.71;3.71;3.70;3.71;3.71;3.71;3.69;3.69;8.10;36;17;24;57
769.0;-37;44.2;44.4;2.95;137.95;3.68;3.70;3.71;3.71;3.70;3.70;3.69;3.71;3.70;3.71;3.69;3.68;8.10;36;17;24;57
770.0;-37;44.2;44.4;2.95;137.95;3.71;3.73;3.74;3.74;3.73;3.73;3.72;3.74;3.73;3.74;3.72;3.72;8.10;36;17;24;57
771.0;-36;44.7;10.7;3.05;137.95;3.74;3.76;3.77;3.76;3.73;3.73;3.75;3.76;3.76;3.77;3.73;3.72;8.10;36;17;24;56
772.0;-52;45.1;0.3;3.05;137.95;3.75;3.77;3.78;3.77;3.76;3.76;3.76;3.77;3.77;3.78;3.77;3.77;8.10;36;17;24;56
773.0;-47;45.1;0.3;3.05;137.95;3.76;3.77;3.79;3.78;3.78;3.77;3.77;3.78;3.78;3.78;3.77;3.78;8.10;35;17;24;56
774.0;-48;45.2;0.3;3.05;137.95;3.76;3.78;3.79;3.78;3.78;3.78;3.77;3.78;3.78;3.79;3.78;3.78;8.10;35;17;24;56
775.0;-40;45.2;0.3;3.05;141.47;3.76;3.78;3.79;3.78;3.78;3.78;3.77;3.78;3.78;3.79;3.78;3.78;8.10;35;17;24;56
776.0;-33;45.3;0.3;3.05;141.47;3.76;3.78;3.79;3.78;3.78;3.78;3.77;3.78;3.78;3.79;3.78;3.79;8.10;35;17;24;56
777.0;-30;45.3;0.3;3.05;141.47;3.77;3.78;3.79;3.79;3.79;3.78;3.78;3.79;3.78;3.80;3.79;3.79;8.10;35;17;24;56
778.0;-33;45.3;0.3;3.05;141.47;3.77;3.79;3.79;3.79;3.79;3.79;3.78;3.79;3.78;3.80;3.79;3.79;8.10;35;17;24;56
779.0;-21;45.1;14.3;3.05;141.47;3.75;3.76;3.77;3.77;3.77;3.77;3.76;3.77;3.77;3.78;3.77;3.77;8.11;35;17;24;56
780.0;-27;45.1;14.3;3.05;141.47;3.72;3.74;3.75;3.75;3.74;3.74;3.73;3.75;3.74;3.75;3.72;3.73;8.11;35;17;24;56
781.0;-56;44.7;28.5;3.05;141.47;3.72;3.74;3.75;3.75;3.74;3.74;3.73;3.75;3.74;3.75;3.73;3.73;8.11;35;17;24;56
782.0;-37;44.7;27.3;3.05;141.47;3.72;3.74;3.75;3.75;3.74;3.74;3.73;3.74;3.74;3.75;3.73;3.73;8.11;35;17;24;56
783.0;-34;44.7;27.3;3.05;141.47;3.72;3.74;3.75;3.75;3.74;3.74;3.73;3.75;3.74;3.75;3.73;3.74;8.11;35;17;24;56
784.0;-37;44.7;26.5;3.05;141.47;3.72;3.74;3.75;3.74;3.74;3.74;3.73;3.74;3.74;3.74;3.73;3.74;8.11;35;17;24;56
785.0;-36;44.7;26.5;3.10;141.47;3.71;3.73;3.74;3.74;3.74;3.74;3.72;3.74;3.73;3.74;3.72;3.72;8.11;35;17;24;56
786.0;-44;44.4;44.7;3.10;141.47;3.69;3.71;3.72;3.72;3.71;3.71;3.70;3.72;3.71;3.71;3.69;3.69;8.11;35;17;24;56
787.0;-46;44.4;44.7;3.10;141.47;3.69;3.70;3.71;3.71;3.71;3.70;3.69;3.71;3.71;3.71;3.69;3.68;8.11;34;17;24;54
788.0;-47;44.2;37.3;3.10;145.06;3.72;3.73;3.74;3.74;3.71;3.70;3.72;3.74;3.73;3.74;3.69;3.68;8.11;34;17;24;54
789.0;-42;44.7;11.7;3.10;145.06;3.72;3.74;3.75;3.75;3.74;3.73;3.73;3.75;3.74;3.75;3.74;3.74;8.11;34;17;24;54
790.0;-44;44.7;11.7;3.10;145.06;3.73;3.75;3.76;3.75;3.75;3.75;3.74;3.75;3.75;3.76;3.75;3.75;8.11;34;17;24;54
791.0;-43;44.9;11.3;3.10;145.06;3.73;3.75;3.76;3.76;3.76;3.75;3.74;3.76;3.75;3.76;3.75;3.75;8.11;34;17;24;54
792.0;-37;44.9;9.3;3.10;145.06;3.74;3.76;3.77;3.76;3.76;3.75;3.75;3.76;3.76;3.77;3.75;3.76;8.11;34;17;24;54
793.0;-42;44.9;9.3;3.10;145.06;3.74;3.76;3.77;3.76;3.76;3.76;3.75;3.76;3.76;3.77;3.76;3.76;8.11;34;17;24;54
794.0;-38;45.1;2.6;3.10;145.06;3.75;3.77;3.78;3.77;3.77;3.76;3.76;3.77;3.77;3.78;3.77;3.77;8.11;34;17;24;54
795.0;-36;45.1;2.6;3.10;145.06;3.75;3.77;3.78;3.78;3.78;3.77;3.77;3.77;3.77;3.78;3.77;3.78;8.11;34;17;24;54
796.0;-35;45.2;5.5;3.10;145.06;3.76;3.77;3.78;3.78;3.78;3.77;3.77;3.78;3.77;3.78;3.77;3.78;8.11;34;17;24;54
797.0;-37;45.2;5.5;3.10;145.06;3.75;3.77;3.78;3.77;3.77;3.77;3.76;3.77;3.77;3.78;3.76;3.77;8.11;34;17;24;54
798.0;-50;45.1;6.5;3.16;145.06;3.75;3.77;3.78;3.77;3.77;3.77;3.76;3.77;3.77;3.78;3.77;3.77;8.11;34;17;24;54
799.0;-14;45.0;10.6;3.16;145.06;3.75;3.77;3.78;3.77;3.77;3.77;3.76;3.77;3.77;3.78;3.76;3.77;8.11;34;17;24;54
800.0;-30;45.0;10.6;3.16;145.06;3.75;3.76;3.77;3.77;3.77;3.77;3.76;3.77;3.76;3.77;3.76;3.77;8.11;34;17;24;54
801.0;-29;45.0;14.5;3.16;146.68;3.71;3.73;3.73;3.73;3.76;3.76;3.75;3.76;3.76;3.77;3.76;3.76;8.11;34;17;24;54
802.0;-44;44.5;36.1;3.16;146.68;3.70;3.72;3.73;3.73;3.73;3.72;3.71;3.73;3.72;3.73;3.71;3.71;8.11;34;17;24;54
803.0;-41;44.5;36.1;3.16;146.68;3.71;3.73;3.73;3.73;3.73;3.72;3.72;3.73;3.73;3.73;3.71;3.72;8.10;34;17;24;54
804.0;-49;44.5;31.2;3.16;146.68;3.71;3.73;3.74;3.73;3.73;3.73;3.72;3.73;3.72;3.73;3.71;3.72;8.10;34;17;24;54
805.0;-45;44.5;31.2;3.16;146.68;3.70;3.72;3.73;3.72;3.72;3.72;3.71;3.72;3.72;3.72;3.71;3.71;8.10;34;17;24;54
806.0;-42;44.5;29.5;3.16;146.68;3.70;3.72;3.73;3.73;3.73;3.73;3.72;3.73;3.73;3.73;3.72;3.72;8.10;34;17;24;54
807.0;-43;44.5;29.5;3.16;146.68;3.70;3.72;3.73;3.73;3.72;3.72;3.71;3.73;3.73;3.73;3.71;3.72;8.10;34;17;24;54
808.0;-55;44.5;28.1;3.16;146.68;3.70;3.72;3.73;3.73;3.73;3.72;3.71;3.73;3.73;3.73;3.71;3.71;8.10;34;17;24;54
809.0;-47;44.6;0.5;3.16;146.68;3.70;3.72;3.73;3.73;3.74;3.74;3.73;3.74;3.74;3.75;3.71;3.71;8.10;34;17;24;54
810.0;-50;44.6;0.5;3.16;146.68;3.74;3.76;3.77;3.76;3.77;3.76;3.75;3.76;3.76;3.77;3.76;3.77;8.10;32;17;24;52
811.0;-45;45.1;0.5;3.23;146.68;3.75;3.77;3.78;3.77;3.77;3.76;3.76;3.77;3.77;3.78;3.77;3.77;8.10;32;17;24;52
812.0;-55;45.1;0.3;3.23;146.68;3.75;3.77;3.78;3.77;3.77;3.77;3.76;3.77;3.77;3.78;3.77;3.77;8.10;32;17;24;52
813.0;-44;45.1;0.3;3.23;146.68;3.75;3.77;3.78;3.78;3.78;3.77;3.76;3.77;3.77;3.78;3.77;3.77;8.10;32;17;24;52
814.0;-42;45.2;0.3;3.23;146.68;3.76;3.77;3.79;3.78;3.78;3.77;3.77;3.78;3.77;3.78;3.78;3.78;8.13;32;17;24;52
815.0;-40;45.2;0.3;3.23;149.65;3.76;3.77;3.78;3.78;3.78;3.77;3.77;3.78;3.78;3.79;3.78;3.78;8.13;32;17;24;52
816.0;-38;45.2;0.5;3.23;149.65;3.76;3.78;3.79;3.78;3.78;3.77;3.77;3.78;3.78;3.79;3.78;3.78;8.13;32;17;24;52
817.0;-39;45.2;0.5;3.23;149.65;3.76;3.78;3.78;3.78;3.78;3.78;3.77;3.78;3.78;3.78;3.78;3.78;8.13;32;17;24;52
818.0;-37;45.2;0.3;3.23;149.65;3.76;3.78;3.79;3.78;3.79;3.77;3.77;3.78;3.78;3.79;3.78;3.78;8.13;32;17;24;52
819.0;-38;45.2;0.3;3.23;149.65;3.76;3.78;3.79;3.78;3.78;3.78;3.77;3.78;3.78;3.79;3.78;3.78;8.13;32;17;24;52
820.0;-42;45.2;0.3;3.23;149.65;3.76;3.78;3.79;3.78;3.78;3.78;3.77;3.78;3.78;3.79;3.78;3.78;8.13;32;17;24;52
821.0;-38;45.2;0.3;3.23;149.65;3.76;3.78;3.79;3.78;3.78;3.78;3.77;3.78;3.78;3.79;3.78;3.78;8.13;32;17;24;52
822.0;-32;45.2;0.3;3.23;149.65;3.76;3.78;3.79;3.78;3.78;3.78;3.77;3.78;3.78;3.79;3.78;3.79;8.13;32;17;24;52
823.0;-30;45.2;0.3;3.23;149.65;3.76;3.78;3.79;3.79;3.78;3.78;3.77;3.78;3.78;3.79;3.78;3.78;8.13;32;17;24;52
824.0;-30;45.2;1.2;3.23;149.65;3.76;3.78;3.79;3.78;3.78;3.78;3.77;3.78;3.78;3.79;3.78;3.79;8.13;32;17;24;52
825.0;-8;45.2;1.2;3.24;149.65;3.76;3.78;3.79;3.78;3.79;3.78;3.77;3.78;3.78;3.79;3.79;3.78;8.13;32;17;24;52
826.0;-12;45.2;0.4;3.24;149.65;3.76;3.78;3.79;3.78;3.79;3.78;3.77;3.78;3.78;3.79;3.78;3.79;8.12;32;17;24;52
827.0;-17;45.2;0.4;3.24;149.65;3.76;3.78;3.78;3.78;3.78;3.78;3.77;3.78;3.78;3.78;3.78;3.78;8.12;32;17;24;52
828.0;-22;45.2;3.2;3.24;149.83;3.76;3.78;3.79;3.78;3.78;3.78;3.77;3.78;3.78;3.79;3.78;3.78;8.12;32;17;24;52
829.0;-16;45.0;5.0;3.24;149.83;3.75;3.76;3.78;3.77;3.70;3.70;3.69;3.71;3.71;3.70;3.67;3.68;8.12;32;17;24;52
830.0;-11;45.0;5.0;3.24;149.83;3.75;3.77;3.78;3.78;3.77;3.78;3.76;3.77;3.77;3.78;3.77;3.77;8.12;32;17;24;52
831.0;-8;45.0;8.8;3.24;149.83;3.75;3.77;3.78;3.77;3.77;3.77;3.76;3.77;3.77;3.78;3.76;3.77;8.12;32;17;24;52
832.0;-1;45.1;6.8;3.24;149.83;3.75;3.77;3.78;3.77;3.77;3.77;3.76;3.77;3.77;3.78;3.77;3.77;8.12;32;17;24;50
833.0;-9;45.1;6.8;3.24;149.83;3.74;3.76;3.77;3.76;3.76;3.76;3.75;3.76;3.76;3.77;3.75;3.76;8.12;32;17;24;50
834.0;-10;45.1;6.8;3.24;149.83;3.75;3.77;3.78;3.77;3.77;3.76;3.76;3.77;3.77;3.78;3.76;3.77;8.12;32;17;24;50
835.0;-12;45.1;6.8;3.24;149.83;3.75;3.77;3.78;3.77;3.77;3.77;3.76;3.77;3.76;3.78;3.77;3.77;8.12;31;17;24;50
836.0;-13;45.1;0.4;3.24;149.83;3.75;3.77;3.78;3.77;3.77;3.77;3.76;3.77;3.77;3.78;3.77;3.77;8.12;31;17;24;50
837.0;-6;45.1;0.4;3.24;149.83;3.76;3.78;3.79;3.78;3.78;3.78;3.77;3.78;3.78;3.79;3.78;3.78;8.12;31;17;24;49
838.0;-12;45.2;0.5;3.26;149.83;3.76;3.78;3.79;3.78;3.78;3.78;3.77;3.78;3.78;3.79;3.78;3.78;8.12;31;17;24;49
839.0;-8;45.2;0.3;3.26;149.83;3.76;3.78;3.79;3.78;3.79;3.78;3.77;3.78;3.78;3.79;3.78;3.79;8.12;31;17;24;49
840.0;-12;45.2;0.3;3.26;149.83;3.76;3.78;3.79;3.78;3.79;3.78;3.77;3.78;3.78;3.79;3.78;3.79;8.12;31;17;24;49
841.0;-9;45.2;0.3;3.26;150.85;3.76;3.78;3.79;3.78;3.79;3.78;3.77;3.78;3.78;3.79;3.78;3.79;8.12;31;17;24;49
842.0;-12;45.2;0.3;3.26;150.85;3.76;3.78;3.79;3.78;3.79;3.78;3.77;3.78;3.78;3.79;3.78;3.79;8.12;31;17;24;49
843.0;-7;45.2;0.3;3.26;150.85;3.76;3.78;3.79;3.78;3.79;3.78;3.78;3.78;3.78;3.79;3.78;3.79;8.12;31;17;24;49
844.0;-18;45.2;0.3;3.26;150.85;3.77;3.78;3.79;3.78;3.79;3.78;3.78;3.78;3.78;3.79;3.78;3.79;8.12;31;17;24;49
845.0;-10;45.2;0.3;3.26;150.85;3.77;3.78;3.79;3.79;3.79;3.78;3.78;3.78;3.78;3.79;3.78;3.79;8.12;31;17;24;49
846.0;-12;45.3;0.3;3.26;150.85;3.77;3.78;3.79;3.78;3.79;3.78;3.78;3.78;3.78;3.80;3.79;3.78;8.12;31;17;24;49
847.0;-5;45.3;0.3;3.26;150.85;3.77;3.78;3.79;3.78;3.79;3.79;3.78;3.78;3.78;3.79;3.79;3.78;8.12;31;17;24;49
848.0;-5;45.3;0.3;3.26;150.85;3.77;3.78;3.79;3.78;3.79;3.79;3.78;3.79;3.78;3.79;3.78;3.79;8.12;31;17;24;49
849.0;-10;45.3;0.3;3.26;150.85;3.77;3.78;3.79;3.79;3.79;3.78;3.78;3.78;3.78;3.80;3.78;3.79;8.12;31;17;24;49
850.0;-11;45.3;0.3;3.26;150.85;3.77;3.78;3.79;3.78;3.79;3.78;3.78;3.78;3.78;3.79;3.78;3.79;8.13;31;17;24;49
851.0;-9;45.3;0.5;3.26;150.85;3.77;3.78;3.79;3.79;3.78;3.79;3.78;3.79;3.78;3.80;3.78;3.79;8.13;31;17;24;49
852.0;-13;45.3;0.3;3.26;150.85;3.77;3.78;3.79;3.79;3.79;3.79;3.78;3.79;3.78;3.79;3.79;3.79;8.13;31;17;24;49
853.0;-14;45.3;0.3;3.26;150.85;3.77;3.78;3.79;3.79;3.79;3.79;3.78;3.79;3.78;3.80;3.78;3.79;8.13;31;17;24;49
854.0;-13;45.3;0.3;3.26;150.85;3.77;3.79;3.79;3.79;3.79;3.79;3.78;3.79;3.78;3.79;3.79;3.79;8.13;31;17;24;49
855.0;-6;45.3;0.3;3.26;150.92;3.77;3.78;3.79;3.79;3.79;3.79;3.78;3.79;3.78;3.80;3.78;3.79;8.13;32;17;25;49
856.0;-9;45.3;0.5;3.26;150.92;3.77;3.78;3.79;3.79;3.79;3.78;3.78;3.79;3.78;3.80;3.79;3.79;8.13;32;17;25;49
857.0;-8;45.3;0.3;3.26;150.92;3.77;3.79;3.79;3.79;3.79;3.79;3.78;3.79;3.78;3.79;3.79;3.79;8.13;31;17;25;49
858.0;-1;45.3;0.3;3.26;150.92;3.77;3.78;3.79;3.79;3.79;3.79;3.78;3.79;3.78;3.80;3.78;3.79;8.13;31;17;25;49
859.0;-3;45.3;0.5;3.26;150.92;3.77;3.79;3.79;3.79;3.79;3.79;3.78;3.79;3.78;3.80;3.79;3.79;8.13;31;17;25;49
860.0;-4;45.3;0.5;3.26;150.92;3.77;3.79;3.79;3.79;3.79;3.78;3.78;3.79;3.79;3.80;3.79;3.79;8.13;31;17;25;49
861.0;-1;45.3;0.3;3.26;150.92;3.77;3.79;3.80;3.79;3.79;3.79;3.78;3.79;3.78;3.80;3.79;3.79;8.13;31;17;25;49
862.0;-2;45.3;0.3;3.26;150.92;3.77;3.79;3.80;3.79;3.79;3.79;3.78;3.79;3.78;3.79;3.79;3.79;8.14;31;17;25;49
863.0;-2;45.3;0.3;3.26;150.92;3.77;3.79;3.79;3.79;3.79;3.79;3.78;3.79;3.78;3.79;3.78;3.79;8.14;31;17;25;49
864.0;-2;45.3;0.3;3.26;150.92;3.77;3.79;3.80;3.79;3.79;3.79;3.78;3.79;3.79;3.80;3.79;3.79;8.14;31;17;25;49
865.0;-3;45.3;0.3;3.26;150.92;3.77;3.79;3.80;3.79;3.79;3.79;3.78;3.79;3.79;3.79;3.79;3.79;8.14;31;17;25;49
866.0;-2;45.3;0.3;3.26;150.92;3.77;3.79;3.80;3.79;3.79;3.79;3.78;3.79;3.78;3.80;3.78;3.79;8.14;31;17;25;49
867.0;-2;45.3;0.3;3.26;150.92;3.77;3.79;3.79;3.79;3.79;3.79;3.78;3.79;3.79;3.80;3.79;3.79;8.14;31;17;25;49
868.0;-5;45.3;0.3;3.26;150.98;3.77;3.79;3.80;3.79;3.79;3.79;3.78;3.79;3.79;3.80;3.79;3.79;8.14;31;17;25;49
869.0;-4;45.3;0.3;3.26;150.98;3.77;3.79;3.80;3.79;3.79;3.79;3.78;3.79;3.79;3.80;3.79;3.79;8.14;31;17;25;49
870.0;-2;45.3;0.3;3.26;150.98;3.77;3.79;3.79;3.79;3.79;3.79;3.78;3.79;3.79;3.79;3.79;3.79;8.14;31;17;25;49
871.0;-1;45.3;0.3;3.26;150.98;3.77;3.79;3.80;3.79;3.79;3.79;3.78;3.79;3.79;3.80;3.79;3.79;8.14;31;17;25;49
